#
# There is insufficient memory for the Java Runtime Environment to continue.
# Native memory allocation (mmap) failed to map 484442112 bytes. Error detail: G1 virtual space
# Possible reasons:
#   The system is out of physical RAM or swap space
#   This process is running with CompressedOops enabled, and the Java Heap may be blocking the growth of the native heap
# Possible solutions:
#   Reduce memory load on the system
#   Increase physical memory or swap space
#   Check if swap backing store is full
#   Decrease Java heap size (-Xmx/-Xms)
#   Decrease number of Java threads
#   Decrease Java thread stack sizes (-Xss)
#   Set larger code cache with -XX:ReservedCodeCacheSize=
#   JVM is running with Zero Based Compressed Oops mode in which the Java heap is
#     placed in the first 32GB address space. The Java Heap base address is the
#     maximum limit for the native heap growth. Please use -XX:HeapBaseMinAddress
#     to set the Java Heap base and to place the Java Heap above 32GB virtual address.
# This output file may be truncated or incomplete.
#
#  Out of Memory Error (os_windows.cpp:3713), pid=14008, tid=1964
#
# JRE version: OpenJDK Runtime Environment Temurin-21.0.9+10 (21.0.9+10) (build 21.0.9+10-LTS)
# Java VM: OpenJDK 64-Bit Server VM Temurin-21.0.9+10 (21.0.9+10-LTS, mixed mode, tiered, compressed oops, compressed class ptrs, g1 gc, windows-amd64)
# No core dump will be written. Minidumps are not enabled by default on client versions of Windows
#

---------------  S U M M A R Y ------------

Command Line: -Djavax.net.ssl.trustStoreType=WINDOWS-ROOT -Dsun.java2d.d3d=false --add-exports=java.desktop/sun.awt=ALL-UNNAMED --add-opens=java.desktop/java.awt=ALL-UNNAMED -Dfile.encoding=UTF8 com.st.microxplorer.maingui.STM32CubeMX C:\Users\William\Downloads\VCUSTM32\VCUCube\VCUCube.ioc

Host: 11th Gen Intel(R) Core(TM) i5-1135G7 @ 2.40GHz, 8 cores, 15G,  Windows 11 , 64 bit Build 26100 (10.0.26100.8328)
Time: Mon Jun  8 17:53:47 2026 GMT Daylight Time elapsed time: 10986.165581 seconds (0d 3h 3m 6s)

---------------  T H R E A D  ---------------

Current thread (0x0000015c2e285000):  VMThread "VM Thread"          [id=1964, stack(0x000000558d500000,0x000000558d600000) (1024K)]

Stack: [0x000000558d500000,0x000000558d600000]
Native frames: (J=compiled Java code, j=interpreted, Vv=VM code, C=native code)
V  [jvm.dll+0x6d6e29]
V  [jvm.dll+0x8b4b76]
V  [jvm.dll+0x8b712e]
V  [jvm.dll+0x8b7813]
V  [jvm.dll+0x283d86]
V  [jvm.dll+0x6d3745]
V  [jvm.dll+0x6c747a]
V  [jvm.dll+0x35e7e8]
V  [jvm.dll+0x366426]
V  [jvm.dll+0x3b73fe]
V  [jvm.dll+0x3b76a8]
V  [jvm.dll+0x3329ec]
V  [jvm.dll+0x332a77]
V  [jvm.dll+0x37684c]
V  [jvm.dll+0x374fee]
V  [jvm.dll+0x332131]
V  [jvm.dll+0x37465a]
V  [jvm.dll+0x8bd500]
V  [jvm.dll+0x8be8a4]
V  [jvm.dll+0x8bede0]
V  [jvm.dll+0x8bf083]
V  [jvm.dll+0x85e9ad]
V  [jvm.dll+0x6d565d]
C  [ucrtbase.dll+0x37b0]
C  [KERNEL32.DLL+0x2e957]
C  [ntdll.dll+0x427c]

VM_Operation (0x000000558ccfe010): G1CollectForAllocation, mode: safepoint, requested by thread 0x0000015c5ed374b0


---------------  P R O C E S S  ---------------

Threads class SMR info:
_java_thread_list=0x0000015c5e37d970, length=55, elements={
0x0000015c5073a490, 0x0000015c50729fe0, 0x0000015c5072d5c0, 0x0000015c5072e010,
0x0000015c50742ef0, 0x0000015c5072ec10, 0x0000015c507569f0, 0x0000015c50757480,
0x0000015c509140f0, 0x0000015c50916760, 0x0000015c55e90730, 0x0000015c55852710,
0x0000015c55852d70, 0x0000015c55b6e410, 0x0000015c306db470, 0x0000015c564d3000,
0x0000015c564d3d20, 0x0000015c56f68ee0, 0x0000015c56f6c9f0, 0x0000015c56f69c00,
0x0000015c56f6a290, 0x0000015c56f6a920, 0x0000015c56f6bcd0, 0x0000015c56f6b640,
0x0000015c56f68850, 0x0000015c56f6eac0, 0x0000015c56f6d080, 0x0000015c56f6e430,
0x0000015c56f67b30, 0x0000015c56f6d710, 0x0000015c56f6afb0, 0x0000015c56f69570,
0x0000015c56f6c360, 0x0000015c564d43b0, 0x0000015c59c367b0, 0x0000015c59c37b60,
0x0000015c59c35a90, 0x0000015c59c38f10, 0x0000015c59c395a0, 0x0000015c59c36120,
0x0000015c59c39c30, 0x0000015c59c36e40, 0x0000015c5e0d6200, 0x0000015c58d970a0,
0x0000015c58d97730, 0x0000015c58f26da0, 0x0000015c59976f60, 0x0000015c564d1c50,
0x0000015c564d22e0, 0x0000015c58f26080, 0x0000015c579a7e30, 0x0000015c59974800,
0x0000015c59975520, 0x0000015c5ed381d0, 0x0000015c5ed374b0
}

Java Threads: ( => current thread )
  0x0000015c5073a490 JavaThread "Reference Handler"          daemon [_thread_blocked, id=27128, stack(0x000000558d600000,0x000000558d700000) (1024K)]
  0x0000015c50729fe0 JavaThread "Finalizer"                  daemon [_thread_blocked, id=26460, stack(0x000000558d700000,0x000000558d800000) (1024K)]
  0x0000015c5072d5c0 JavaThread "Signal Dispatcher"          daemon [_thread_blocked, id=26716, stack(0x000000558d800000,0x000000558d900000) (1024K)]
  0x0000015c5072e010 JavaThread "Attach Listener"            daemon [_thread_blocked, id=23172, stack(0x000000558d900000,0x000000558da00000) (1024K)]
  0x0000015c50742ef0 JavaThread "Service Thread"             daemon [_thread_blocked, id=26132, stack(0x000000558da00000,0x000000558db00000) (1024K)]
  0x0000015c5072ec10 JavaThread "Monitor Deflation Thread"   daemon [_thread_blocked, id=24272, stack(0x000000558db00000,0x000000558dc00000) (1024K)]
  0x0000015c507569f0 JavaThread "C2 CompilerThread0"         daemon [_thread_blocked, id=7992, stack(0x000000558dc00000,0x000000558dd00000) (1024K)]
  0x0000015c50757480 JavaThread "C1 CompilerThread0"         daemon [_thread_blocked, id=12104, stack(0x000000558dd00000,0x000000558de00000) (1024K)]
  0x0000015c509140f0 JavaThread "Notification Thread"        daemon [_thread_blocked, id=10652, stack(0x000000558de00000,0x000000558df00000) (1024K)]
  0x0000015c50916760 JavaThread "Common-Cleaner"             daemon [_thread_blocked, id=22728, stack(0x000000558df00000,0x000000558e000000) (1024K)]
  0x0000015c55e90730 JavaThread "Java2D Disposer"            daemon [_thread_blocked, id=23312, stack(0x000000558ea00000,0x000000558eb00000) (1024K)]
  0x0000015c55852710 JavaThread "AWT-Shutdown"                      [_thread_blocked, id=25420, stack(0x000000558eb00000,0x000000558ec00000) (1024K)]
  0x0000015c55852d70 JavaThread "AWT-Windows"                daemon [_thread_blocked, id=1140, stack(0x000000558ec00000,0x000000558ed00000) (1024K)]
  0x0000015c55b6e410 JavaThread "AWT-EventQueue-0"                  [_thread_blocked, id=28772, stack(0x000000558ed00000,0x000000558ee00000) (1024K)]
  0x0000015c306db470 JavaThread "DestroyJavaVM"                     [_thread_blocked, id=22076, stack(0x000000558ce00000,0x000000558cf00000) (1024K)]
  0x0000015c564d3000 JavaThread "TimerQueue"                 daemon [_thread_blocked, id=11964, stack(0x000000558e000000,0x000000558e100000) (1024K)]
  0x0000015c564d3d20 JavaThread "IPC Server Thread"          daemon [_thread_in_native, id=6200, stack(0x000000558fa00000,0x000000558fb00000) (1024K)]
  0x0000015c56f68ee0 JavaThread "Chromium Process Thread"           [_thread_in_native, id=16424, stack(0x000000558fb00000,0x000000558fc00000) (1024K)]
  0x0000015c56f6c9f0 JavaThread "Chromium Process Logger"    daemon [_thread_in_native, id=24052, stack(0x000000558fc00000,0x000000558fd00000) (1024K)]
  0x0000015c56f69c00 JavaThread "IPC Memory Reader Thread"          [_thread_in_native, id=17988, stack(0x000000558fd00000,0x000000558fe00000) (1024K)]
  0x0000015c56f6a290 JavaThread "Browser Thread: 4d24d50e-a8b3-46f0-8ddd-d2403e565a35" daemon [_thread_blocked, id=29500, stack(0x000000558fe00000,0x000000558ff00000) (1024K)]
  0x0000015c56f6a920 JavaThread "Socket Connection Checker: 4d24d50e-a8b3-46f0-8ddd-d2403e565a35"        [_thread_in_native, id=5168, stack(0x000000558f900000,0x000000558fa00000) (1024K)]
  0x0000015c56f6bcd0 JavaThread "Network Thread: 2f9d82f2-9244-49b6-9fc4-f13f37cd69d1" daemon [_thread_blocked, id=27636, stack(0x000000558ff00000,0x0000005590000000) (1024K)]
  0x0000015c56f6b640 JavaThread "Socket Connection Checker: 2f9d82f2-9244-49b6-9fc4-f13f37cd69d1"        [_thread_in_native, id=4164, stack(0x0000005590000000,0x0000005590100000) (1024K)]
  0x0000015c56f68850 JavaThread "GPU Thread: a2ca5208-4e84-4ecc-bad3-c3ed7b984226" daemon [_thread_blocked, id=13048, stack(0x0000005590300000,0x0000005590400000) (1024K)]
  0x0000015c56f6eac0 JavaThread "Socket Connection Checker: a2ca5208-4e84-4ecc-bad3-c3ed7b984226"        [_thread_in_native, id=23640, stack(0x0000005590400000,0x0000005590500000) (1024K)]
  0x0000015c56f6d080 JavaThread "IPC Memory Reader Thread"          [_thread_in_native, id=16476, stack(0x000000558f600000,0x000000558f700000) (1024K)]
  0x0000015c56f6e430 JavaThread "IPC Memory Reader Thread"          [_thread_in_native, id=16688, stack(0x0000005590200000,0x0000005590300000) (1024K)]
  0x0000015c56f67b30 JavaThread "SwingWorker-pool-3-thread-1" daemon [_thread_blocked, id=13088, stack(0x000000558f100000,0x000000558f200000) (1024K)]
  0x0000015c56f6d710 JavaThread "Thread-143"                 daemon [_thread_blocked, id=21688, stack(0x000000558f200000,0x000000558f300000) (1024K)]
  0x0000015c56f6afb0 JavaThread "Thread-152"                 daemon [_thread_blocked, id=10488, stack(0x0000005590600000,0x0000005590700000) (1024K)]
  0x0000015c56f69570 JavaThread "Thread-160"                 daemon [_thread_blocked, id=26012, stack(0x000000558ee00000,0x000000558ef00000) (1024K)]
  0x0000015c56f6c360 JavaThread "Thread-167"                 daemon [_thread_blocked, id=2504, stack(0x0000005590700000,0x0000005590800000) (1024K)]
  0x0000015c564d43b0 JavaThread "Thread-170"                 daemon [_thread_blocked, id=17848, stack(0x0000005590500000,0x0000005590600000) (1024K)]
  0x0000015c59c367b0 JavaThread "Thread-445"                 daemon [_thread_blocked, id=26588, stack(0x0000005590c00000,0x0000005590d00000) (1024K)]
  0x0000015c59c37b60 JavaThread "Thread-447"                 daemon [_thread_blocked, id=19356, stack(0x0000005591100000,0x0000005591200000) (1024K)]
  0x0000015c59c35a90 JavaThread "Thread-494"                 daemon [_thread_blocked, id=25988, stack(0x0000005591200000,0x0000005591300000) (1024K)]
  0x0000015c59c38f10 JavaThread "Thread-500"                 daemon [_thread_blocked, id=4464, stack(0x0000005590800000,0x0000005590900000) (1024K)]
  0x0000015c59c395a0 JavaThread "Thread-503"                 daemon [_thread_blocked, id=21168, stack(0x0000005590900000,0x0000005590a00000) (1024K)]
  0x0000015c59c36120 JavaThread "Thread-505"                 daemon [_thread_blocked, id=21948, stack(0x0000005590a00000,0x0000005590b00000) (1024K)]
  0x0000015c59c39c30 JavaThread "Thread-516"                 daemon [_thread_blocked, id=20780, stack(0x0000005591000000,0x0000005591100000) (1024K)]
  0x0000015c59c36e40 JavaThread "Thread-810"                 daemon [_thread_blocked, id=11116, stack(0x0000005591400000,0x0000005591500000) (1024K)]
  0x0000015c5e0d6200 JavaThread "Thread-3613"                daemon [_thread_blocked, id=17096, stack(0x0000005591600000,0x0000005591700000) (1024K)]
  0x0000015c58d970a0 JavaThread "Thread-3838"                daemon [_thread_blocked, id=25940, stack(0x0000005591300000,0x0000005591400000) (1024K)]
  0x0000015c58d97730 JavaThread "SwingWorker-pool-3-thread-2" daemon [_thread_blocked, id=5396, stack(0x0000005590b00000,0x0000005590c00000) (1024K)]
  0x0000015c58f26da0 JavaThread "RMI TCP Accept-60605"       daemon [_thread_in_native, id=27964, stack(0x000000558f800000,0x000000558f900000) (1024K)]
  0x0000015c59976f60 JavaThread "RMI TCP Accept-0"           daemon [_thread_in_native, id=356, stack(0x0000005591500000,0x0000005591600000) (1024K)]
  0x0000015c564d1c50 JavaThread "RMI Reaper"                        [_thread_blocked, id=25624, stack(0x0000005591700000,0x0000005591800000) (1024K)]
  0x0000015c564d22e0 JavaThread "RMI GC Daemon"              daemon [_thread_blocked, id=19660, stack(0x0000005591800000,0x0000005591900000) (1024K)]
  0x0000015c58f26080 JavaThread "RMI Scheduler(0)"           daemon [_thread_blocked, id=22328, stack(0x000000558f500000,0x000000558f600000) (1024K)]
  0x0000015c579a7e30 JavaThread "IPC Memory Reader Thread"          [_thread_in_native, id=21292, stack(0x0000005591900000,0x0000005591a00000) (1024K)]
  0x0000015c59974800 JavaThread "Render Thread: 903d7ae8-c49c-4dc3-b9a7-01b8cab5fdf4" daemon [_thread_blocked, id=28316, stack(0x000000558e100000,0x000000558e200000) (1024K)]
  0x0000015c59975520 JavaThread "Socket Connection Checker: 903d7ae8-c49c-4dc3-b9a7-01b8cab5fdf4"        [_thread_in_native, id=19144, stack(0x0000005591a00000,0x0000005591b00000) (1024K)]
  0x0000015c5ed381d0 JavaThread "SwingWorker-pool-3-thread-3" daemon [_thread_blocked, id=7860, stack(0x000000558cb00000,0x000000558cc00000) (1024K)]
  0x0000015c5ed374b0 JavaThread "SwingWorker-pool-3-thread-4" daemon [_thread_blocked, id=28252, stack(0x000000558cc00000,0x000000558cd00000) (1024K)]
Total: 55

Other Threads:
=>0x0000015c2e285000 VMThread "VM Thread"                           [id=1964, stack(0x000000558d500000,0x000000558d600000) (1024K)]
  0x0000015c50308200 WatcherThread "VM Periodic Task Thread"        [id=9020, stack(0x000000558d400000,0x000000558d500000) (1024K)]
  0x0000015c2e2836a0 WorkerThread "GC Thread#0"                     [id=23692, stack(0x000000558cf00000,0x000000558d000000) (1024K)]
  0x0000015c556852f0 WorkerThread "GC Thread#1"                     [id=19148, stack(0x000000558e200000,0x000000558e300000) (1024K)]
  0x0000015c55684810 WorkerThread "GC Thread#2"                     [id=25992, stack(0x000000558e300000,0x000000558e400000) (1024K)]
  0x0000015c55686170 WorkerThread "GC Thread#3"                     [id=13480, stack(0x000000558e400000,0x000000558e500000) (1024K)]
  0x0000015c55686510 WorkerThread "GC Thread#4"                     [id=22744, stack(0x000000558e500000,0x000000558e600000) (1024K)]
  0x0000015c55687390 WorkerThread "GC Thread#5"                     [id=20460, stack(0x000000558e600000,0x000000558e700000) (1024K)]
  0x0000015c556840d0 WorkerThread "GC Thread#6"                     [id=27752, stack(0x000000558e700000,0x000000558e800000) (1024K)]
  0x0000015c55687730 WorkerThread "GC Thread#7"                     [id=25276, stack(0x000000558e800000,0x000000558e900000) (1024K)]
  0x0000015c3074e2a0 ConcurrentGCThread "G1 Main Marker"            [id=25712, stack(0x000000558d000000,0x000000558d100000) (1024K)]
  0x0000015c2e284c60 WorkerThread "G1 Conc#0"                       [id=13064, stack(0x000000558d100000,0x000000558d200000) (1024K)]
  0x0000015c55684bb0 WorkerThread "G1 Conc#1"                       [id=8852, stack(0x000000558e900000,0x000000558ea00000) (1024K)]
  0x0000015c3078eb70 ConcurrentGCThread "G1 Refine#0"               [id=26488, stack(0x000000558d200000,0x000000558d300000) (1024K)]
  0x0000015c501de560 ConcurrentGCThread "G1 Service"                [id=27404, stack(0x000000558d300000,0x000000558d400000) (1024K)]
Total: 15

Threads with active compile tasks:
Total: 0

VM state: at safepoint (normal execution)

VM Mutex/Monitor currently owned by a thread:  ([mutex/lock_event])
[0x00007ffba15ed570] Threads_lock - owner thread: 0x0000015c2e285000
[0x00007ffba15ed670] Heap_lock - owner thread: 0x0000015c5ed374b0

Heap address: 0x0000000703200000, size: 4046 MB, Compressed Oops mode: Zero based, Oop shift amount: 3

CDS archive(s) not mapped
Compressed class space mapped at: 0x0000000800000000-0x0000000840000000, reserved size: 1073741824
Narrow klass base: 0x0000000800000000, Narrow klass shift: 0, Narrow klass range: 0x40000000

GC Precious Log:
 CardTable entry size: 512
 Card Set container configuration: InlinePtr #cards 4 size 8 Array Of Cards #cards 16 size 48 Howl #buckets 8 coarsen threshold 3686 Howl Bitmap #cards 512 size 80 coarsen threshold 460 Card regions per heap region 1 cards per card region 4096
 CPUs: 8 total, 8 available
 Memory: 16183M
 Large Page Support: Disabled
 NUMA Support: Disabled
 Compressed Oops: Enabled (Zero based)
 Heap Region Size: 2M
 Heap Min Capacity: 8M
 Heap Initial Capacity: 254M
 Heap Max Capacity: 4046M
 Pre-touch: Disabled
 Parallel Workers: 8
 Concurrent Workers: 2
 Concurrent Refinement Workers: 8
 Periodic GC: Disabled

Heap:
 garbage-first heap   total 671744K, used 265226K [0x0000000703200000, 0x0000000800000000)
  region size 2048K, 5 young (10240K), 5 survivors (10240K)
 Metaspace       used 110459K, committed 112000K, reserved 1179648K
  class space    used 12277K, committed 12928K, reserved 1048576K

Heap Regions: E=young(eden), S=young(survivor), O=old, HS=humongous(starts), HC=humongous(continues), CS=collection set, F=free, TAMS=top-at-mark-start, PB=parsable bottom
|   0|0x0000000703200000, 0x0000000703400000, 0x0000000703400000|100%|HS|  |TAMS 0x0000000703200000| PB 0x0000000703200000| Complete 
|   1|0x0000000703400000, 0x0000000703600000, 0x0000000703600000|100%|HC|  |TAMS 0x0000000703400000| PB 0x0000000703400000| Complete 
|   2|0x0000000703600000, 0x0000000703800000, 0x0000000703800000|100%|HC|  |TAMS 0x0000000703600000| PB 0x0000000703600000| Complete 
|   3|0x0000000703800000, 0x0000000703a00000, 0x0000000703a00000|100%|HC|  |TAMS 0x0000000703800000| PB 0x0000000703800000| Complete 
|   4|0x0000000703a00000, 0x0000000703c00000, 0x0000000703c00000|100%| O|  |TAMS 0x0000000703a00000| PB 0x0000000703a00000| Untracked 
|   5|0x0000000703c00000, 0x0000000703e00000, 0x0000000703e00000|100%| O|  |TAMS 0x0000000703c00000| PB 0x0000000703c00000| Untracked 
|   6|0x0000000703e00000, 0x0000000704000000, 0x0000000704000000|100%| O|  |TAMS 0x0000000703e00000| PB 0x0000000703e00000| Untracked 
|   7|0x0000000704000000, 0x0000000704000000, 0x0000000704200000|  0%| F|  |TAMS 0x0000000704000000| PB 0x0000000704000000| Untracked 
|   8|0x0000000704200000, 0x0000000704400000, 0x0000000704400000|100%| O|  |TAMS 0x0000000704200000| PB 0x0000000704200000| Untracked 
|   9|0x0000000704400000, 0x0000000704600000, 0x0000000704600000|100%| O|  |TAMS 0x0000000704400000| PB 0x0000000704400000| Untracked 
|  10|0x0000000704600000, 0x0000000704702820, 0x0000000704800000| 50%| O|  |TAMS 0x0000000704600000| PB 0x0000000704600000| Untracked 
|  11|0x0000000704800000, 0x0000000704a00000, 0x0000000704a00000|100%| O|  |TAMS 0x0000000704800000| PB 0x0000000704800000| Untracked 
|  12|0x0000000704a00000, 0x0000000704a00000, 0x0000000704c00000|  0%| F|  |TAMS 0x0000000704a00000| PB 0x0000000704a00000| Untracked 
|  13|0x0000000704c00000, 0x0000000704e00000, 0x0000000704e00000|100%| O|  |TAMS 0x0000000704c00000| PB 0x0000000704c00000| Untracked 
|  14|0x0000000704e00000, 0x0000000705000000, 0x0000000705000000|100%| O|  |TAMS 0x0000000704e00000| PB 0x0000000704e00000| Untracked 
|  15|0x0000000705000000, 0x0000000705200000, 0x0000000705200000|100%| O|  |TAMS 0x0000000705000000| PB 0x0000000705000000| Untracked 
|  16|0x0000000705200000, 0x0000000705400000, 0x0000000705400000|100%| O|  |TAMS 0x0000000705200000| PB 0x0000000705200000| Untracked 
|  17|0x0000000705400000, 0x0000000705600000, 0x0000000705600000|100%|HS|  |TAMS 0x0000000705400000| PB 0x0000000705400000| Complete 
|  18|0x0000000705600000, 0x0000000705800000, 0x0000000705800000|100%| O|  |TAMS 0x0000000705600000| PB 0x0000000705600000| Untracked 
|  19|0x0000000705800000, 0x0000000705a00000, 0x0000000705a00000|100%| O|  |TAMS 0x0000000705800000| PB 0x0000000705800000| Untracked 
|  20|0x0000000705a00000, 0x0000000705c00000, 0x0000000705c00000|100%| O|  |TAMS 0x0000000705a00000| PB 0x0000000705a00000| Untracked 
|  21|0x0000000705c00000, 0x0000000705e00000, 0x0000000705e00000|100%|HS|  |TAMS 0x0000000705c00000| PB 0x0000000705c00000| Complete 
|  22|0x0000000705e00000, 0x0000000706000000, 0x0000000706000000|100%| O|  |TAMS 0x0000000705e00000| PB 0x0000000705e00000| Untracked 
|  23|0x0000000706000000, 0x0000000706200000, 0x0000000706200000|100%|HS|  |TAMS 0x0000000706000000| PB 0x0000000706000000| Complete 
|  24|0x0000000706200000, 0x0000000706400000, 0x0000000706400000|100%|HC|  |TAMS 0x0000000706200000| PB 0x0000000706200000| Complete 
|  25|0x0000000706400000, 0x0000000706600000, 0x0000000706600000|100%|HS|  |TAMS 0x0000000706400000| PB 0x0000000706400000| Complete 
|  26|0x0000000706600000, 0x0000000706800000, 0x0000000706800000|100%|HC|  |TAMS 0x0000000706600000| PB 0x0000000706600000| Complete 
|  27|0x0000000706800000, 0x0000000706a00000, 0x0000000706a00000|100%|HS|  |TAMS 0x0000000706800000| PB 0x0000000706800000| Complete 
|  28|0x0000000706a00000, 0x0000000706c00000, 0x0000000706c00000|100%|HC|  |TAMS 0x0000000706a00000| PB 0x0000000706a00000| Complete 
|  29|0x0000000706c00000, 0x0000000706e00000, 0x0000000706e00000|100%|HS|  |TAMS 0x0000000706c00000| PB 0x0000000706c00000| Complete 
|  30|0x0000000706e00000, 0x0000000707000000, 0x0000000707000000|100%|HC|  |TAMS 0x0000000706e00000| PB 0x0000000706e00000| Complete 
|  31|0x0000000707000000, 0x0000000707200000, 0x0000000707200000|100%|HS|  |TAMS 0x0000000707000000| PB 0x0000000707000000| Complete 
|  32|0x0000000707200000, 0x0000000707400000, 0x0000000707400000|100%|HC|  |TAMS 0x0000000707200000| PB 0x0000000707200000| Complete 
|  33|0x0000000707400000, 0x0000000707600000, 0x0000000707600000|100%|HS|  |TAMS 0x0000000707400000| PB 0x0000000707400000| Complete 
|  34|0x0000000707600000, 0x0000000707800000, 0x0000000707800000|100%|HC|  |TAMS 0x0000000707600000| PB 0x0000000707600000| Complete 
|  35|0x0000000707800000, 0x0000000707a00000, 0x0000000707a00000|100%|HS|  |TAMS 0x0000000707800000| PB 0x0000000707800000| Complete 
|  36|0x0000000707a00000, 0x0000000707c00000, 0x0000000707c00000|100%|HC|  |TAMS 0x0000000707a00000| PB 0x0000000707a00000| Complete 
|  37|0x0000000707c00000, 0x0000000707e00000, 0x0000000707e00000|100%|HS|  |TAMS 0x0000000707c00000| PB 0x0000000707c00000| Complete 
|  38|0x0000000707e00000, 0x0000000708000000, 0x0000000708000000|100%|HC|  |TAMS 0x0000000707e00000| PB 0x0000000707e00000| Complete 
|  39|0x0000000708000000, 0x0000000708200000, 0x0000000708200000|100%|HS|  |TAMS 0x0000000708000000| PB 0x0000000708000000| Complete 
|  40|0x0000000708200000, 0x0000000708400000, 0x0000000708400000|100%|HC|  |TAMS 0x0000000708200000| PB 0x0000000708200000| Complete 
|  41|0x0000000708400000, 0x0000000708600000, 0x0000000708600000|100%| O|  |TAMS 0x0000000708400000| PB 0x0000000708400000| Untracked 
|  42|0x0000000708600000, 0x0000000708800000, 0x0000000708800000|100%|HS|  |TAMS 0x0000000708600000| PB 0x0000000708600000| Complete 
|  43|0x0000000708800000, 0x0000000708a00000, 0x0000000708a00000|100%|HC|  |TAMS 0x0000000708800000| PB 0x0000000708800000| Complete 
|  44|0x0000000708a00000, 0x0000000708c00000, 0x0000000708c00000|100%|HS|  |TAMS 0x0000000708a00000| PB 0x0000000708a00000| Complete 
|  45|0x0000000708c00000, 0x0000000708e00000, 0x0000000708e00000|100%|HC|  |TAMS 0x0000000708c00000| PB 0x0000000708c00000| Complete 
|  46|0x0000000708e00000, 0x0000000709000000, 0x0000000709000000|100%|HC|  |TAMS 0x0000000708e00000| PB 0x0000000708e00000| Complete 
|  47|0x0000000709000000, 0x0000000709200000, 0x0000000709200000|100%| O|  |TAMS 0x0000000709000000| PB 0x0000000709000000| Untracked 
|  48|0x0000000709200000, 0x0000000709400000, 0x0000000709400000|100%| O|  |TAMS 0x0000000709200000| PB 0x0000000709200000| Untracked 
|  49|0x0000000709400000, 0x0000000709600000, 0x0000000709600000|100%| O|  |TAMS 0x0000000709400000| PB 0x0000000709400000| Untracked 
|  50|0x0000000709600000, 0x0000000709800000, 0x0000000709800000|100%| O|  |TAMS 0x0000000709600000| PB 0x0000000709600000| Untracked 
|  51|0x0000000709800000, 0x0000000709a00000, 0x0000000709a00000|100%| O|  |TAMS 0x0000000709800000| PB 0x0000000709800000| Untracked 
|  52|0x0000000709a00000, 0x0000000709c00000, 0x0000000709c00000|100%| O|  |TAMS 0x0000000709a00000| PB 0x0000000709a00000| Untracked 
|  53|0x0000000709c00000, 0x0000000709e00000, 0x0000000709e00000|100%| O|  |TAMS 0x0000000709c00000| PB 0x0000000709c00000| Untracked 
|  54|0x0000000709e00000, 0x000000070a000000, 0x000000070a000000|100%| O|  |TAMS 0x0000000709e00000| PB 0x0000000709e00000| Untracked 
|  55|0x000000070a000000, 0x000000070a200000, 0x000000070a200000|100%| O|  |TAMS 0x000000070a000000| PB 0x000000070a000000| Untracked 
|  56|0x000000070a200000, 0x000000070a400000, 0x000000070a400000|100%| O|  |TAMS 0x000000070a200000| PB 0x000000070a200000| Untracked 
|  57|0x000000070a400000, 0x000000070a600000, 0x000000070a600000|100%| O|  |TAMS 0x000000070a400000| PB 0x000000070a400000| Untracked 
|  58|0x000000070a600000, 0x000000070a800000, 0x000000070a800000|100%| O|  |TAMS 0x000000070a600000| PB 0x000000070a600000| Untracked 
|  59|0x000000070a800000, 0x000000070aa00000, 0x000000070aa00000|100%| O|  |TAMS 0x000000070a800000| PB 0x000000070a800000| Untracked 
|  60|0x000000070aa00000, 0x000000070ac00000, 0x000000070ac00000|100%| O|  |TAMS 0x000000070aa00000| PB 0x000000070aa00000| Untracked 
|  61|0x000000070ac00000, 0x000000070ae00000, 0x000000070ae00000|100%| O|  |TAMS 0x000000070ac00000| PB 0x000000070ac00000| Untracked 
|  62|0x000000070ae00000, 0x000000070b000000, 0x000000070b000000|100%| O|  |TAMS 0x000000070ae00000| PB 0x000000070ae00000| Untracked 
|  63|0x000000070b000000, 0x000000070b200000, 0x000000070b200000|100%| O|  |TAMS 0x000000070b000000| PB 0x000000070b000000| Untracked 
|  64|0x000000070b200000, 0x000000070b400000, 0x000000070b400000|100%| O|  |TAMS 0x000000070b200000| PB 0x000000070b200000| Untracked 
|  65|0x000000070b400000, 0x000000070b600000, 0x000000070b600000|100%| O|  |TAMS 0x000000070b400000| PB 0x000000070b400000| Untracked 
|  66|0x000000070b600000, 0x000000070b800000, 0x000000070b800000|100%| O|  |TAMS 0x000000070b600000| PB 0x000000070b600000| Untracked 
|  67|0x000000070b800000, 0x000000070ba00000, 0x000000070ba00000|100%| O|  |TAMS 0x000000070b800000| PB 0x000000070b800000| Untracked 
|  68|0x000000070ba00000, 0x000000070bc00000, 0x000000070bc00000|100%| O|  |TAMS 0x000000070ba00000| PB 0x000000070ba00000| Untracked 
|  69|0x000000070bc00000, 0x000000070be00000, 0x000000070be00000|100%| O|  |TAMS 0x000000070bc00000| PB 0x000000070bc00000| Untracked 
|  70|0x000000070be00000, 0x000000070c000000, 0x000000070c000000|100%| O|  |TAMS 0x000000070be00000| PB 0x000000070be00000| Untracked 
|  71|0x000000070c000000, 0x000000070c200000, 0x000000070c200000|100%| O|  |TAMS 0x000000070c000000| PB 0x000000070c000000| Untracked 
|  72|0x000000070c200000, 0x000000070c400000, 0x000000070c400000|100%| O|  |TAMS 0x000000070c200000| PB 0x000000070c200000| Untracked 
|  73|0x000000070c400000, 0x000000070c600000, 0x000000070c600000|100%| O|  |TAMS 0x000000070c400000| PB 0x000000070c400000| Untracked 
|  74|0x000000070c600000, 0x000000070c800000, 0x000000070c800000|100%|HS|  |TAMS 0x000000070c600000| PB 0x000000070c600000| Complete 
|  75|0x000000070c800000, 0x000000070ca00000, 0x000000070ca00000|100%|HC|  |TAMS 0x000000070c800000| PB 0x000000070c800000| Complete 
|  76|0x000000070ca00000, 0x000000070cc00000, 0x000000070cc00000|100%|HC|  |TAMS 0x000000070ca00000| PB 0x000000070ca00000| Complete 
|  77|0x000000070cc00000, 0x000000070ce00000, 0x000000070ce00000|100%|HC|  |TAMS 0x000000070cc00000| PB 0x000000070cc00000| Complete 
|  78|0x000000070ce00000, 0x000000070d000000, 0x000000070d000000|100%|HC|  |TAMS 0x000000070ce00000| PB 0x000000070ce00000| Complete 
|  79|0x000000070d000000, 0x000000070d200000, 0x000000070d200000|100%|HC|  |TAMS 0x000000070d000000| PB 0x000000070d000000| Complete 
|  80|0x000000070d200000, 0x000000070d400000, 0x000000070d400000|100%|HC|  |TAMS 0x000000070d200000| PB 0x000000070d200000| Complete 
|  81|0x000000070d400000, 0x000000070d600000, 0x000000070d600000|100%|HC|  |TAMS 0x000000070d400000| PB 0x000000070d400000| Complete 
|  82|0x000000070d600000, 0x000000070d800000, 0x000000070d800000|100%|HC|  |TAMS 0x000000070d600000| PB 0x000000070d600000| Complete 
|  83|0x000000070d800000, 0x000000070da00000, 0x000000070da00000|100%|HC|  |TAMS 0x000000070d800000| PB 0x000000070d800000| Complete 
|  84|0x000000070da00000, 0x000000070dc00000, 0x000000070dc00000|100%| O|  |TAMS 0x000000070da00000| PB 0x000000070da00000| Untracked 
|  85|0x000000070dc00000, 0x000000070de00000, 0x000000070de00000|100%| O|  |TAMS 0x000000070dc00000| PB 0x000000070dc00000| Untracked 
|  86|0x000000070de00000, 0x000000070e000000, 0x000000070e000000|100%| O|  |TAMS 0x000000070de00000| PB 0x000000070de00000| Untracked 
|  87|0x000000070e000000, 0x000000070e200000, 0x000000070e200000|100%| O|  |TAMS 0x000000070e000000| PB 0x000000070e000000| Untracked 
|  88|0x000000070e200000, 0x000000070e400000, 0x000000070e400000|100%| O|  |TAMS 0x000000070e200000| PB 0x000000070e200000| Untracked 
|  89|0x000000070e400000, 0x000000070e600000, 0x000000070e600000|100%| O|  |TAMS 0x000000070e400000| PB 0x000000070e400000| Untracked 
|  90|0x000000070e600000, 0x000000070e800000, 0x000000070e800000|100%| O|  |TAMS 0x000000070e600000| PB 0x000000070e600000| Untracked 
|  91|0x000000070e800000, 0x000000070ea00000, 0x000000070ea00000|100%| O|  |TAMS 0x000000070e800000| PB 0x000000070e800000| Untracked 
|  92|0x000000070ea00000, 0x000000070ec00000, 0x000000070ec00000|100%| O|  |TAMS 0x000000070ea00000| PB 0x000000070ea00000| Untracked 
|  93|0x000000070ec00000, 0x000000070ee00000, 0x000000070ee00000|100%| O|  |TAMS 0x000000070ec00000| PB 0x000000070ec00000| Untracked 
|  94|0x000000070ee00000, 0x000000070f000000, 0x000000070f000000|100%| O|  |TAMS 0x000000070ee00000| PB 0x000000070ee00000| Untracked 
|  95|0x000000070f000000, 0x000000070f200000, 0x000000070f200000|100%| O|  |TAMS 0x000000070f000000| PB 0x000000070f000000| Untracked 
|  96|0x000000070f200000, 0x000000070f400000, 0x000000070f400000|100%| O|  |TAMS 0x000000070f200000| PB 0x000000070f200000| Untracked 
|  97|0x000000070f400000, 0x000000070f600000, 0x000000070f600000|100%| O|  |TAMS 0x000000070f400000| PB 0x000000070f400000| Untracked 
|  98|0x000000070f600000, 0x000000070f800000, 0x000000070f800000|100%| O|  |TAMS 0x000000070f600000| PB 0x000000070f600000| Untracked 
|  99|0x000000070f800000, 0x000000070f800000, 0x000000070fa00000|  0%| F|  |TAMS 0x000000070f800000| PB 0x000000070f800000| Untracked 
| 100|0x000000070fa00000, 0x000000070fa00000, 0x000000070fc00000|  0%| F|  |TAMS 0x000000070fa00000| PB 0x000000070fa00000| Untracked 
| 101|0x000000070fc00000, 0x000000070fc00000, 0x000000070fe00000|  0%| F|  |TAMS 0x000000070fc00000| PB 0x000000070fc00000| Untracked 
| 102|0x000000070fe00000, 0x000000070fe00000, 0x0000000710000000|  0%| F|  |TAMS 0x000000070fe00000| PB 0x000000070fe00000| Untracked 
| 103|0x0000000710000000, 0x0000000710000000, 0x0000000710200000|  0%| F|  |TAMS 0x0000000710000000| PB 0x0000000710000000| Untracked 
| 104|0x0000000710200000, 0x0000000710200000, 0x0000000710400000|  0%| F|  |TAMS 0x0000000710200000| PB 0x0000000710200000| Untracked 
| 105|0x0000000710400000, 0x0000000710400000, 0x0000000710600000|  0%| F|  |TAMS 0x0000000710400000| PB 0x0000000710400000| Untracked 
| 106|0x0000000710600000, 0x0000000710600000, 0x0000000710800000|  0%| F|  |TAMS 0x0000000710600000| PB 0x0000000710600000| Untracked 
| 107|0x0000000710800000, 0x0000000710800000, 0x0000000710a00000|  0%| F|  |TAMS 0x0000000710800000| PB 0x0000000710800000| Untracked 
| 108|0x0000000710a00000, 0x0000000710c00000, 0x0000000710c00000|100%| O|  |TAMS 0x0000000710a00000| PB 0x0000000710a00000| Untracked 
| 109|0x0000000710c00000, 0x0000000710e00000, 0x0000000710e00000|100%| O|  |TAMS 0x0000000710c00000| PB 0x0000000710c00000| Untracked 
| 110|0x0000000710e00000, 0x0000000711000000, 0x0000000711000000|100%| O|  |TAMS 0x0000000710e00000| PB 0x0000000710e00000| Untracked 
| 111|0x0000000711000000, 0x0000000711200000, 0x0000000711200000|100%| O|  |TAMS 0x0000000711000000| PB 0x0000000711000000| Untracked 
| 112|0x0000000711200000, 0x0000000711400000, 0x0000000711400000|100%| O|  |TAMS 0x0000000711200000| PB 0x0000000711200000| Untracked 
| 113|0x0000000711400000, 0x0000000711600000, 0x0000000711600000|100%| O|  |TAMS 0x0000000711400000| PB 0x0000000711400000| Untracked 
| 114|0x0000000711600000, 0x0000000711800000, 0x0000000711800000|100%| O|  |TAMS 0x0000000711600000| PB 0x0000000711600000| Untracked 
| 115|0x0000000711800000, 0x0000000711a00000, 0x0000000711a00000|100%| O|  |TAMS 0x0000000711800000| PB 0x0000000711800000| Untracked 
| 116|0x0000000711a00000, 0x0000000711c00000, 0x0000000711c00000|100%| O|  |TAMS 0x0000000711a00000| PB 0x0000000711a00000| Untracked 
| 117|0x0000000711c00000, 0x0000000711e00000, 0x0000000711e00000|100%| O|  |TAMS 0x0000000711c00000| PB 0x0000000711c00000| Untracked 
| 118|0x0000000711e00000, 0x0000000712000000, 0x0000000712000000|100%| O|  |TAMS 0x0000000711e00000| PB 0x0000000711e00000| Untracked 
| 119|0x0000000712000000, 0x0000000712200000, 0x0000000712200000|100%| O|  |TAMS 0x0000000712000000| PB 0x0000000712000000| Untracked 
| 120|0x0000000712200000, 0x0000000712400000, 0x0000000712400000|100%| O|  |TAMS 0x0000000712200000| PB 0x0000000712200000| Untracked 
| 121|0x0000000712400000, 0x0000000712600000, 0x0000000712600000|100%| O|  |TAMS 0x0000000712400000| PB 0x0000000712400000| Untracked 
| 122|0x0000000712600000, 0x0000000712800000, 0x0000000712800000|100%| O|  |TAMS 0x0000000712600000| PB 0x0000000712600000| Untracked 
| 123|0x0000000712800000, 0x0000000712a00000, 0x0000000712a00000|100%| O|  |TAMS 0x0000000712800000| PB 0x0000000712800000| Untracked 
| 124|0x0000000712a00000, 0x0000000712a00000, 0x0000000712c00000|  0%| F|  |TAMS 0x0000000712a00000| PB 0x0000000712a00000| Untracked 
| 125|0x0000000712c00000, 0x0000000712e00000, 0x0000000712e00000|100%| S|CS|TAMS 0x0000000712c00000| PB 0x0000000712c00000| Complete 
| 126|0x0000000712e00000, 0x0000000712e00000, 0x0000000713000000|  0%| F|  |TAMS 0x0000000712e00000| PB 0x0000000712e00000| Untracked 
| 127|0x0000000713000000, 0x0000000713000000, 0x0000000713200000|  0%| F|  |TAMS 0x0000000713000000| PB 0x0000000713000000| Untracked 
| 128|0x0000000713200000, 0x0000000713200000, 0x0000000713400000|  0%| F|  |TAMS 0x0000000713200000| PB 0x0000000713200000| Untracked 
| 129|0x0000000713400000, 0x0000000713600000, 0x0000000713600000|100%| S|CS|TAMS 0x0000000713400000| PB 0x0000000713400000| Complete 
| 130|0x0000000713600000, 0x0000000713800000, 0x0000000713800000|100%| S|CS|TAMS 0x0000000713600000| PB 0x0000000713600000| Complete 
| 131|0x0000000713800000, 0x0000000713a00000, 0x0000000713a00000|100%| S|CS|TAMS 0x0000000713800000| PB 0x0000000713800000| Complete 
| 132|0x0000000713a00000, 0x0000000713c00000, 0x0000000713c00000|100%| S|CS|TAMS 0x0000000713a00000| PB 0x0000000713a00000| Complete 
| 133|0x0000000713c00000, 0x0000000713c00000, 0x0000000713e00000|  0%| F|  |TAMS 0x0000000713c00000| PB 0x0000000713c00000| Untracked 
| 134|0x0000000713e00000, 0x0000000713e00000, 0x0000000714000000|  0%| F|  |TAMS 0x0000000713e00000| PB 0x0000000713e00000| Untracked 
| 135|0x0000000714000000, 0x0000000714000000, 0x0000000714200000|  0%| F|  |TAMS 0x0000000714000000| PB 0x0000000714000000| Untracked 
| 136|0x0000000714200000, 0x0000000714200000, 0x0000000714400000|  0%| F|  |TAMS 0x0000000714200000| PB 0x0000000714200000| Untracked 
| 137|0x0000000714400000, 0x0000000714400000, 0x0000000714600000|  0%| F|  |TAMS 0x0000000714400000| PB 0x0000000714400000| Untracked 
| 138|0x0000000714600000, 0x0000000714600000, 0x0000000714800000|  0%| F|  |TAMS 0x0000000714600000| PB 0x0000000714600000| Untracked 
| 139|0x0000000714800000, 0x0000000714800000, 0x0000000714a00000|  0%| F|  |TAMS 0x0000000714800000| PB 0x0000000714800000| Untracked 
| 140|0x0000000714a00000, 0x0000000714a00000, 0x0000000714c00000|  0%| F|  |TAMS 0x0000000714a00000| PB 0x0000000714a00000| Untracked 
| 141|0x0000000714c00000, 0x0000000714c00000, 0x0000000714e00000|  0%| F|  |TAMS 0x0000000714c00000| PB 0x0000000714c00000| Untracked 
| 142|0x0000000714e00000, 0x0000000714e00000, 0x0000000715000000|  0%| F|  |TAMS 0x0000000714e00000| PB 0x0000000714e00000| Untracked 
| 143|0x0000000715000000, 0x0000000715000000, 0x0000000715200000|  0%| F|  |TAMS 0x0000000715000000| PB 0x0000000715000000| Untracked 
| 144|0x0000000715200000, 0x0000000715200000, 0x0000000715400000|  0%| F|  |TAMS 0x0000000715200000| PB 0x0000000715200000| Untracked 
| 145|0x0000000715400000, 0x0000000715400000, 0x0000000715600000|  0%| F|  |TAMS 0x0000000715400000| PB 0x0000000715400000| Untracked 
| 146|0x0000000715600000, 0x0000000715600000, 0x0000000715800000|  0%| F|  |TAMS 0x0000000715600000| PB 0x0000000715600000| Untracked 
| 147|0x0000000715800000, 0x0000000715800000, 0x0000000715a00000|  0%| F|  |TAMS 0x0000000715800000| PB 0x0000000715800000| Untracked 
| 148|0x0000000715a00000, 0x0000000715a00000, 0x0000000715c00000|  0%| F|  |TAMS 0x0000000715a00000| PB 0x0000000715a00000| Untracked 
| 149|0x0000000715c00000, 0x0000000715c00000, 0x0000000715e00000|  0%| F|  |TAMS 0x0000000715c00000| PB 0x0000000715c00000| Untracked 
| 150|0x0000000715e00000, 0x0000000715e00000, 0x0000000716000000|  0%| F|  |TAMS 0x0000000715e00000| PB 0x0000000715e00000| Untracked 
| 151|0x0000000716000000, 0x0000000716000000, 0x0000000716200000|  0%| F|  |TAMS 0x0000000716000000| PB 0x0000000716000000| Untracked 
| 152|0x0000000716200000, 0x0000000716200000, 0x0000000716400000|  0%| F|  |TAMS 0x0000000716200000| PB 0x0000000716200000| Untracked 
| 153|0x0000000716400000, 0x0000000716400000, 0x0000000716600000|  0%| F|  |TAMS 0x0000000716400000| PB 0x0000000716400000| Untracked 
| 154|0x0000000716600000, 0x0000000716600000, 0x0000000716800000|  0%| F|  |TAMS 0x0000000716600000| PB 0x0000000716600000| Untracked 
| 155|0x0000000716800000, 0x0000000716800000, 0x0000000716a00000|  0%| F|  |TAMS 0x0000000716800000| PB 0x0000000716800000| Untracked 
| 156|0x0000000716a00000, 0x0000000716a00000, 0x0000000716c00000|  0%| F|  |TAMS 0x0000000716a00000| PB 0x0000000716a00000| Untracked 
| 157|0x0000000716c00000, 0x0000000716c00000, 0x0000000716e00000|  0%| F|  |TAMS 0x0000000716c00000| PB 0x0000000716c00000| Untracked 
| 158|0x0000000716e00000, 0x0000000716e00000, 0x0000000717000000|  0%| F|  |TAMS 0x0000000716e00000| PB 0x0000000716e00000| Untracked 
| 159|0x0000000717000000, 0x0000000717000000, 0x0000000717200000|  0%| F|  |TAMS 0x0000000717000000| PB 0x0000000717000000| Untracked 
| 160|0x0000000717200000, 0x0000000717200000, 0x0000000717400000|  0%| F|  |TAMS 0x0000000717200000| PB 0x0000000717200000| Untracked 
| 161|0x0000000717400000, 0x0000000717400000, 0x0000000717600000|  0%| F|  |TAMS 0x0000000717400000| PB 0x0000000717400000| Untracked 
| 162|0x0000000717600000, 0x0000000717600000, 0x0000000717800000|  0%| F|  |TAMS 0x0000000717600000| PB 0x0000000717600000| Untracked 
| 163|0x0000000717800000, 0x0000000717800000, 0x0000000717a00000|  0%| F|  |TAMS 0x0000000717800000| PB 0x0000000717800000| Untracked 
| 164|0x0000000717a00000, 0x0000000717a00000, 0x0000000717c00000|  0%| F|  |TAMS 0x0000000717a00000| PB 0x0000000717a00000| Untracked 
| 165|0x0000000717c00000, 0x0000000717c00000, 0x0000000717e00000|  0%| F|  |TAMS 0x0000000717c00000| PB 0x0000000717c00000| Untracked 
| 166|0x0000000717e00000, 0x0000000717e00000, 0x0000000718000000|  0%| F|  |TAMS 0x0000000717e00000| PB 0x0000000717e00000| Untracked 
| 167|0x0000000718000000, 0x0000000718000000, 0x0000000718200000|  0%| F|  |TAMS 0x0000000718000000| PB 0x0000000718000000| Untracked 
| 168|0x0000000718200000, 0x0000000718200000, 0x0000000718400000|  0%| F|  |TAMS 0x0000000718200000| PB 0x0000000718200000| Untracked 
| 169|0x0000000718400000, 0x0000000718400000, 0x0000000718600000|  0%| F|  |TAMS 0x0000000718400000| PB 0x0000000718400000| Untracked 
| 170|0x0000000718600000, 0x0000000718600000, 0x0000000718800000|  0%| F|  |TAMS 0x0000000718600000| PB 0x0000000718600000| Untracked 
| 171|0x0000000718800000, 0x0000000718800000, 0x0000000718a00000|  0%| F|  |TAMS 0x0000000718800000| PB 0x0000000718800000| Untracked 
| 172|0x0000000718a00000, 0x0000000718a00000, 0x0000000718c00000|  0%| F|  |TAMS 0x0000000718a00000| PB 0x0000000718a00000| Untracked 
| 173|0x0000000718c00000, 0x0000000718c00000, 0x0000000718e00000|  0%| F|  |TAMS 0x0000000718c00000| PB 0x0000000718c00000| Untracked 
| 174|0x0000000718e00000, 0x0000000718e00000, 0x0000000719000000|  0%| F|  |TAMS 0x0000000718e00000| PB 0x0000000718e00000| Untracked 
| 175|0x0000000719000000, 0x0000000719000000, 0x0000000719200000|  0%| F|  |TAMS 0x0000000719000000| PB 0x0000000719000000| Untracked 
| 176|0x0000000719200000, 0x0000000719200000, 0x0000000719400000|  0%| F|  |TAMS 0x0000000719200000| PB 0x0000000719200000| Untracked 
| 177|0x0000000719400000, 0x0000000719400000, 0x0000000719600000|  0%| F|  |TAMS 0x0000000719400000| PB 0x0000000719400000| Untracked 
| 178|0x0000000719600000, 0x0000000719600000, 0x0000000719800000|  0%| F|  |TAMS 0x0000000719600000| PB 0x0000000719600000| Untracked 
| 179|0x0000000719800000, 0x0000000719800000, 0x0000000719a00000|  0%| F|  |TAMS 0x0000000719800000| PB 0x0000000719800000| Untracked 
| 180|0x0000000719a00000, 0x0000000719a00000, 0x0000000719c00000|  0%| F|  |TAMS 0x0000000719a00000| PB 0x0000000719a00000| Untracked 
| 181|0x0000000719c00000, 0x0000000719c00000, 0x0000000719e00000|  0%| F|  |TAMS 0x0000000719c00000| PB 0x0000000719c00000| Untracked 
| 182|0x0000000719e00000, 0x0000000719e00000, 0x000000071a000000|  0%| F|  |TAMS 0x0000000719e00000| PB 0x0000000719e00000| Untracked 
| 183|0x000000071a000000, 0x000000071a000000, 0x000000071a200000|  0%| F|  |TAMS 0x000000071a000000| PB 0x000000071a000000| Untracked 
| 184|0x000000071a200000, 0x000000071a200000, 0x000000071a400000|  0%| F|  |TAMS 0x000000071a200000| PB 0x000000071a200000| Untracked 
| 185|0x000000071a400000, 0x000000071a400000, 0x000000071a600000|  0%| F|  |TAMS 0x000000071a400000| PB 0x000000071a400000| Untracked 
| 186|0x000000071a600000, 0x000000071a600000, 0x000000071a800000|  0%| F|  |TAMS 0x000000071a600000| PB 0x000000071a600000| Untracked 
| 187|0x000000071a800000, 0x000000071a800000, 0x000000071aa00000|  0%| F|  |TAMS 0x000000071a800000| PB 0x000000071a800000| Untracked 
| 188|0x000000071aa00000, 0x000000071aa00000, 0x000000071ac00000|  0%| F|  |TAMS 0x000000071aa00000| PB 0x000000071aa00000| Untracked 
| 189|0x000000071ac00000, 0x000000071ac00000, 0x000000071ae00000|  0%| F|  |TAMS 0x000000071ac00000| PB 0x000000071ac00000| Untracked 
| 190|0x000000071ae00000, 0x000000071ae00000, 0x000000071b000000|  0%| F|  |TAMS 0x000000071ae00000| PB 0x000000071ae00000| Untracked 
| 191|0x000000071b000000, 0x000000071b000000, 0x000000071b200000|  0%| F|  |TAMS 0x000000071b000000| PB 0x000000071b000000| Untracked 
| 192|0x000000071b200000, 0x000000071b200000, 0x000000071b400000|  0%| F|  |TAMS 0x000000071b200000| PB 0x000000071b200000| Untracked 
| 193|0x000000071b400000, 0x000000071b400000, 0x000000071b600000|  0%| F|  |TAMS 0x000000071b400000| PB 0x000000071b400000| Untracked 
| 194|0x000000071b600000, 0x000000071b600000, 0x000000071b800000|  0%| F|  |TAMS 0x000000071b600000| PB 0x000000071b600000| Untracked 
| 195|0x000000071b800000, 0x000000071b800000, 0x000000071ba00000|  0%| F|  |TAMS 0x000000071b800000| PB 0x000000071b800000| Untracked 
| 196|0x000000071ba00000, 0x000000071ba00000, 0x000000071bc00000|  0%| F|  |TAMS 0x000000071ba00000| PB 0x000000071ba00000| Untracked 
| 197|0x000000071bc00000, 0x000000071bc00000, 0x000000071be00000|  0%| F|  |TAMS 0x000000071bc00000| PB 0x000000071bc00000| Untracked 
| 198|0x000000071be00000, 0x000000071be00000, 0x000000071c000000|  0%| F|  |TAMS 0x000000071be00000| PB 0x000000071be00000| Untracked 
| 199|0x000000071c000000, 0x000000071c000000, 0x000000071c200000|  0%| F|  |TAMS 0x000000071c000000| PB 0x000000071c000000| Untracked 
| 200|0x000000071c200000, 0x000000071c200000, 0x000000071c400000|  0%| F|  |TAMS 0x000000071c200000| PB 0x000000071c200000| Untracked 
| 201|0x000000071c400000, 0x000000071c400000, 0x000000071c600000|  0%| F|  |TAMS 0x000000071c400000| PB 0x000000071c400000| Untracked 
| 202|0x000000071c600000, 0x000000071c600000, 0x000000071c800000|  0%| F|  |TAMS 0x000000071c600000| PB 0x000000071c600000| Untracked 
| 203|0x000000071c800000, 0x000000071c800000, 0x000000071ca00000|  0%| F|  |TAMS 0x000000071c800000| PB 0x000000071c800000| Untracked 
| 204|0x000000071ca00000, 0x000000071ca00000, 0x000000071cc00000|  0%| F|  |TAMS 0x000000071ca00000| PB 0x000000071ca00000| Untracked 
| 205|0x000000071cc00000, 0x000000071cc00000, 0x000000071ce00000|  0%| F|  |TAMS 0x000000071cc00000| PB 0x000000071cc00000| Untracked 
| 206|0x000000071ce00000, 0x000000071ce00000, 0x000000071d000000|  0%| F|  |TAMS 0x000000071ce00000| PB 0x000000071ce00000| Untracked 
| 207|0x000000071d000000, 0x000000071d000000, 0x000000071d200000|  0%| F|  |TAMS 0x000000071d000000| PB 0x000000071d000000| Untracked 
| 208|0x000000071d200000, 0x000000071d200000, 0x000000071d400000|  0%| F|  |TAMS 0x000000071d200000| PB 0x000000071d200000| Untracked 
| 209|0x000000071d400000, 0x000000071d400000, 0x000000071d600000|  0%| F|  |TAMS 0x000000071d400000| PB 0x000000071d400000| Untracked 
| 210|0x000000071d600000, 0x000000071d600000, 0x000000071d800000|  0%| F|  |TAMS 0x000000071d600000| PB 0x000000071d600000| Untracked 
| 211|0x000000071d800000, 0x000000071d800000, 0x000000071da00000|  0%| F|  |TAMS 0x000000071d800000| PB 0x000000071d800000| Untracked 
| 212|0x000000071da00000, 0x000000071da00000, 0x000000071dc00000|  0%| F|  |TAMS 0x000000071da00000| PB 0x000000071da00000| Untracked 
| 213|0x000000071dc00000, 0x000000071dc00000, 0x000000071de00000|  0%| F|  |TAMS 0x000000071dc00000| PB 0x000000071dc00000| Untracked 
| 214|0x000000071de00000, 0x000000071de00000, 0x000000071e000000|  0%| F|  |TAMS 0x000000071de00000| PB 0x000000071de00000| Untracked 
| 215|0x000000071e000000, 0x000000071e000000, 0x000000071e200000|  0%| F|  |TAMS 0x000000071e000000| PB 0x000000071e000000| Untracked 
| 216|0x000000071e200000, 0x000000071e200000, 0x000000071e400000|  0%| F|  |TAMS 0x000000071e200000| PB 0x000000071e200000| Untracked 
| 217|0x000000071e400000, 0x000000071e400000, 0x000000071e600000|  0%| F|  |TAMS 0x000000071e400000| PB 0x000000071e400000| Untracked 
| 218|0x000000071e600000, 0x000000071e600000, 0x000000071e800000|  0%| F|  |TAMS 0x000000071e600000| PB 0x000000071e600000| Untracked 
| 219|0x000000071e800000, 0x000000071e800000, 0x000000071ea00000|  0%| F|  |TAMS 0x000000071e800000| PB 0x000000071e800000| Untracked 
| 220|0x000000071ea00000, 0x000000071ea00000, 0x000000071ec00000|  0%| F|  |TAMS 0x000000071ea00000| PB 0x000000071ea00000| Untracked 
| 221|0x000000071ec00000, 0x000000071ec00000, 0x000000071ee00000|  0%| F|  |TAMS 0x000000071ec00000| PB 0x000000071ec00000| Untracked 
| 222|0x000000071ee00000, 0x000000071ee00000, 0x000000071f000000|  0%| F|  |TAMS 0x000000071ee00000| PB 0x000000071ee00000| Untracked 
| 223|0x000000071f000000, 0x000000071f000000, 0x000000071f200000|  0%| F|  |TAMS 0x000000071f000000| PB 0x000000071f000000| Untracked 
| 224|0x000000071f200000, 0x000000071f200000, 0x000000071f400000|  0%| F|  |TAMS 0x000000071f200000| PB 0x000000071f200000| Untracked 
| 225|0x000000071f400000, 0x000000071f400000, 0x000000071f600000|  0%| F|  |TAMS 0x000000071f400000| PB 0x000000071f400000| Untracked 
| 226|0x000000071f600000, 0x000000071f600000, 0x000000071f800000|  0%| F|  |TAMS 0x000000071f600000| PB 0x000000071f600000| Untracked 
| 227|0x000000071f800000, 0x000000071f800000, 0x000000071fa00000|  0%| F|  |TAMS 0x000000071f800000| PB 0x000000071f800000| Untracked 
| 228|0x000000071fa00000, 0x000000071fa00000, 0x000000071fc00000|  0%| F|  |TAMS 0x000000071fa00000| PB 0x000000071fa00000| Untracked 
| 229|0x000000071fc00000, 0x000000071fc00000, 0x000000071fe00000|  0%| F|  |TAMS 0x000000071fc00000| PB 0x000000071fc00000| Untracked 
| 230|0x000000071fe00000, 0x000000071fe00000, 0x0000000720000000|  0%| F|  |TAMS 0x000000071fe00000| PB 0x000000071fe00000| Untracked 
| 231|0x0000000720000000, 0x0000000720000000, 0x0000000720200000|  0%| F|  |TAMS 0x0000000720000000| PB 0x0000000720000000| Untracked 
| 232|0x0000000720200000, 0x0000000720200000, 0x0000000720400000|  0%| F|  |TAMS 0x0000000720200000| PB 0x0000000720200000| Untracked 
| 233|0x0000000720400000, 0x0000000720400000, 0x0000000720600000|  0%| F|  |TAMS 0x0000000720400000| PB 0x0000000720400000| Untracked 
| 234|0x0000000720600000, 0x0000000720600000, 0x0000000720800000|  0%| F|  |TAMS 0x0000000720600000| PB 0x0000000720600000| Untracked 
| 235|0x0000000720800000, 0x0000000720800000, 0x0000000720a00000|  0%| F|  |TAMS 0x0000000720800000| PB 0x0000000720800000| Untracked 
| 236|0x0000000720a00000, 0x0000000720a00000, 0x0000000720c00000|  0%| F|  |TAMS 0x0000000720a00000| PB 0x0000000720a00000| Untracked 
| 237|0x0000000720c00000, 0x0000000720c00000, 0x0000000720e00000|  0%| F|  |TAMS 0x0000000720c00000| PB 0x0000000720c00000| Untracked 
| 238|0x0000000720e00000, 0x0000000720e00000, 0x0000000721000000|  0%| F|  |TAMS 0x0000000720e00000| PB 0x0000000720e00000| Untracked 
| 239|0x0000000721000000, 0x0000000721000000, 0x0000000721200000|  0%| F|  |TAMS 0x0000000721000000| PB 0x0000000721000000| Untracked 
| 240|0x0000000721200000, 0x0000000721200000, 0x0000000721400000|  0%| F|  |TAMS 0x0000000721200000| PB 0x0000000721200000| Untracked 
| 241|0x0000000721400000, 0x0000000721400000, 0x0000000721600000|  0%| F|  |TAMS 0x0000000721400000| PB 0x0000000721400000| Untracked 
| 242|0x0000000721600000, 0x0000000721600000, 0x0000000721800000|  0%| F|  |TAMS 0x0000000721600000| PB 0x0000000721600000| Untracked 
| 243|0x0000000721800000, 0x0000000721800000, 0x0000000721a00000|  0%| F|  |TAMS 0x0000000721800000| PB 0x0000000721800000| Untracked 
| 244|0x0000000721a00000, 0x0000000721a00000, 0x0000000721c00000|  0%| F|  |TAMS 0x0000000721a00000| PB 0x0000000721a00000| Untracked 
| 245|0x0000000721c00000, 0x0000000721c00000, 0x0000000721e00000|  0%| F|  |TAMS 0x0000000721c00000| PB 0x0000000721c00000| Untracked 
| 246|0x0000000721e00000, 0x0000000721e00000, 0x0000000722000000|  0%| F|  |TAMS 0x0000000721e00000| PB 0x0000000721e00000| Untracked 
| 247|0x0000000722000000, 0x0000000722000000, 0x0000000722200000|  0%| F|  |TAMS 0x0000000722000000| PB 0x0000000722000000| Untracked 
| 248|0x0000000722200000, 0x0000000722200000, 0x0000000722400000|  0%| F|  |TAMS 0x0000000722200000| PB 0x0000000722200000| Untracked 
| 249|0x0000000722400000, 0x0000000722400000, 0x0000000722600000|  0%| F|  |TAMS 0x0000000722400000| PB 0x0000000722400000| Untracked 
| 250|0x0000000722600000, 0x0000000722600000, 0x0000000722800000|  0%| F|  |TAMS 0x0000000722600000| PB 0x0000000722600000| Untracked 
| 251|0x0000000722800000, 0x0000000722800000, 0x0000000722a00000|  0%| F|  |TAMS 0x0000000722800000| PB 0x0000000722800000| Untracked 
| 252|0x0000000722a00000, 0x0000000722a00000, 0x0000000722c00000|  0%| F|  |TAMS 0x0000000722a00000| PB 0x0000000722a00000| Untracked 
| 253|0x0000000722c00000, 0x0000000722c00000, 0x0000000722e00000|  0%| F|  |TAMS 0x0000000722c00000| PB 0x0000000722c00000| Untracked 
| 254|0x0000000722e00000, 0x0000000722e00000, 0x0000000723000000|  0%| F|  |TAMS 0x0000000722e00000| PB 0x0000000722e00000| Untracked 
| 255|0x0000000723000000, 0x0000000723000000, 0x0000000723200000|  0%| F|  |TAMS 0x0000000723000000| PB 0x0000000723000000| Untracked 
| 256|0x0000000723200000, 0x0000000723200000, 0x0000000723400000|  0%| F|  |TAMS 0x0000000723200000| PB 0x0000000723200000| Untracked 
| 257|0x0000000723400000, 0x0000000723400000, 0x0000000723600000|  0%| F|  |TAMS 0x0000000723400000| PB 0x0000000723400000| Untracked 
| 258|0x0000000723600000, 0x0000000723600000, 0x0000000723800000|  0%| F|  |TAMS 0x0000000723600000| PB 0x0000000723600000| Untracked 
| 259|0x0000000723800000, 0x0000000723800000, 0x0000000723a00000|  0%| F|  |TAMS 0x0000000723800000| PB 0x0000000723800000| Untracked 
| 260|0x0000000723a00000, 0x0000000723a00000, 0x0000000723c00000|  0%| F|  |TAMS 0x0000000723a00000| PB 0x0000000723a00000| Untracked 
| 261|0x0000000723c00000, 0x0000000723c00000, 0x0000000723e00000|  0%| F|  |TAMS 0x0000000723c00000| PB 0x0000000723c00000| Untracked 
| 262|0x0000000723e00000, 0x0000000723e00000, 0x0000000724000000|  0%| F|  |TAMS 0x0000000723e00000| PB 0x0000000723e00000| Untracked 
| 263|0x0000000724000000, 0x0000000724000000, 0x0000000724200000|  0%| F|  |TAMS 0x0000000724000000| PB 0x0000000724000000| Untracked 
| 264|0x0000000724200000, 0x0000000724200000, 0x0000000724400000|  0%| F|  |TAMS 0x0000000724200000| PB 0x0000000724200000| Untracked 
| 265|0x0000000724400000, 0x0000000724400000, 0x0000000724600000|  0%| F|  |TAMS 0x0000000724400000| PB 0x0000000724400000| Untracked 
| 266|0x0000000724600000, 0x0000000724600000, 0x0000000724800000|  0%| F|  |TAMS 0x0000000724600000| PB 0x0000000724600000| Untracked 
| 267|0x0000000724800000, 0x0000000724800000, 0x0000000724a00000|  0%| F|  |TAMS 0x0000000724800000| PB 0x0000000724800000| Untracked 
| 268|0x0000000724a00000, 0x0000000724a00000, 0x0000000724c00000|  0%| F|  |TAMS 0x0000000724a00000| PB 0x0000000724a00000| Untracked 
| 269|0x0000000724c00000, 0x0000000724c00000, 0x0000000724e00000|  0%| F|  |TAMS 0x0000000724c00000| PB 0x0000000724c00000| Untracked 
| 270|0x0000000724e00000, 0x0000000724e00000, 0x0000000725000000|  0%| F|  |TAMS 0x0000000724e00000| PB 0x0000000724e00000| Untracked 
| 271|0x0000000725000000, 0x0000000725000000, 0x0000000725200000|  0%| F|  |TAMS 0x0000000725000000| PB 0x0000000725000000| Untracked 
| 272|0x0000000725200000, 0x0000000725200000, 0x0000000725400000|  0%| F|  |TAMS 0x0000000725200000| PB 0x0000000725200000| Untracked 
| 273|0x0000000725400000, 0x0000000725400000, 0x0000000725600000|  0%| F|  |TAMS 0x0000000725400000| PB 0x0000000725400000| Untracked 
| 274|0x0000000725600000, 0x0000000725600000, 0x0000000725800000|  0%| F|  |TAMS 0x0000000725600000| PB 0x0000000725600000| Untracked 
| 275|0x0000000725800000, 0x0000000725800000, 0x0000000725a00000|  0%| F|  |TAMS 0x0000000725800000| PB 0x0000000725800000| Untracked 
| 276|0x0000000725a00000, 0x0000000725a00000, 0x0000000725c00000|  0%| F|  |TAMS 0x0000000725a00000| PB 0x0000000725a00000| Untracked 
| 277|0x0000000725c00000, 0x0000000725c00000, 0x0000000725e00000|  0%| F|  |TAMS 0x0000000725c00000| PB 0x0000000725c00000| Untracked 
| 278|0x0000000725e00000, 0x0000000725e00000, 0x0000000726000000|  0%| F|  |TAMS 0x0000000725e00000| PB 0x0000000725e00000| Untracked 
| 279|0x0000000726000000, 0x0000000726000000, 0x0000000726200000|  0%| F|  |TAMS 0x0000000726000000| PB 0x0000000726000000| Untracked 
| 280|0x0000000726200000, 0x0000000726200000, 0x0000000726400000|  0%| F|  |TAMS 0x0000000726200000| PB 0x0000000726200000| Untracked 
| 281|0x0000000726400000, 0x0000000726400000, 0x0000000726600000|  0%| F|  |TAMS 0x0000000726400000| PB 0x0000000726400000| Untracked 
| 282|0x0000000726600000, 0x0000000726600000, 0x0000000726800000|  0%| F|  |TAMS 0x0000000726600000| PB 0x0000000726600000| Untracked 
| 283|0x0000000726800000, 0x0000000726800000, 0x0000000726a00000|  0%| F|  |TAMS 0x0000000726800000| PB 0x0000000726800000| Untracked 
| 284|0x0000000726a00000, 0x0000000726a00000, 0x0000000726c00000|  0%| F|  |TAMS 0x0000000726a00000| PB 0x0000000726a00000| Untracked 
| 285|0x0000000726c00000, 0x0000000726c00000, 0x0000000726e00000|  0%| F|  |TAMS 0x0000000726c00000| PB 0x0000000726c00000| Untracked 
| 286|0x0000000726e00000, 0x0000000726e00000, 0x0000000727000000|  0%| F|  |TAMS 0x0000000726e00000| PB 0x0000000726e00000| Untracked 
| 287|0x0000000727000000, 0x0000000727000000, 0x0000000727200000|  0%| F|  |TAMS 0x0000000727000000| PB 0x0000000727000000| Untracked 
| 288|0x0000000727200000, 0x0000000727200000, 0x0000000727400000|  0%| F|  |TAMS 0x0000000727200000| PB 0x0000000727200000| Untracked 
| 289|0x0000000727400000, 0x0000000727400000, 0x0000000727600000|  0%| F|  |TAMS 0x0000000727400000| PB 0x0000000727400000| Untracked 
| 290|0x0000000727600000, 0x0000000727600000, 0x0000000727800000|  0%| F|  |TAMS 0x0000000727600000| PB 0x0000000727600000| Untracked 
| 291|0x0000000727800000, 0x0000000727800000, 0x0000000727a00000|  0%| F|  |TAMS 0x0000000727800000| PB 0x0000000727800000| Untracked 
| 292|0x0000000727a00000, 0x0000000727a00000, 0x0000000727c00000|  0%| F|  |TAMS 0x0000000727a00000| PB 0x0000000727a00000| Untracked 
| 293|0x0000000727c00000, 0x0000000727c00000, 0x0000000727e00000|  0%| F|  |TAMS 0x0000000727c00000| PB 0x0000000727c00000| Untracked 
| 294|0x0000000727e00000, 0x0000000727e00000, 0x0000000728000000|  0%| F|  |TAMS 0x0000000727e00000| PB 0x0000000727e00000| Untracked 
| 295|0x0000000728000000, 0x0000000728000000, 0x0000000728200000|  0%| F|  |TAMS 0x0000000728000000| PB 0x0000000728000000| Untracked 
| 296|0x0000000728200000, 0x0000000728200000, 0x0000000728400000|  0%| F|  |TAMS 0x0000000728200000| PB 0x0000000728200000| Untracked 
| 297|0x0000000728400000, 0x0000000728400000, 0x0000000728600000|  0%| F|  |TAMS 0x0000000728400000| PB 0x0000000728400000| Untracked 
| 298|0x0000000728600000, 0x0000000728600000, 0x0000000728800000|  0%| F|  |TAMS 0x0000000728600000| PB 0x0000000728600000| Untracked 
| 299|0x0000000728800000, 0x0000000728800000, 0x0000000728a00000|  0%| F|  |TAMS 0x0000000728800000| PB 0x0000000728800000| Untracked 
| 300|0x0000000728a00000, 0x0000000728a00000, 0x0000000728c00000|  0%| F|  |TAMS 0x0000000728a00000| PB 0x0000000728a00000| Untracked 
| 301|0x0000000728c00000, 0x0000000728c00000, 0x0000000728e00000|  0%| F|  |TAMS 0x0000000728c00000| PB 0x0000000728c00000| Untracked 
| 302|0x0000000728e00000, 0x0000000728e00000, 0x0000000729000000|  0%| F|  |TAMS 0x0000000728e00000| PB 0x0000000728e00000| Untracked 
| 303|0x0000000729000000, 0x0000000729000000, 0x0000000729200000|  0%| F|  |TAMS 0x0000000729000000| PB 0x0000000729000000| Untracked 
| 304|0x0000000729200000, 0x0000000729200000, 0x0000000729400000|  0%| F|  |TAMS 0x0000000729200000| PB 0x0000000729200000| Untracked 
| 305|0x0000000729400000, 0x0000000729400000, 0x0000000729600000|  0%| F|  |TAMS 0x0000000729400000| PB 0x0000000729400000| Untracked 
| 306|0x0000000729600000, 0x0000000729600000, 0x0000000729800000|  0%| F|  |TAMS 0x0000000729600000| PB 0x0000000729600000| Untracked 
| 307|0x0000000729800000, 0x0000000729800000, 0x0000000729a00000|  0%| F|  |TAMS 0x0000000729800000| PB 0x0000000729800000| Untracked 
| 308|0x0000000729a00000, 0x0000000729a00000, 0x0000000729c00000|  0%| F|  |TAMS 0x0000000729a00000| PB 0x0000000729a00000| Untracked 
| 309|0x0000000729c00000, 0x0000000729c00000, 0x0000000729e00000|  0%| F|  |TAMS 0x0000000729c00000| PB 0x0000000729c00000| Untracked 
| 310|0x0000000729e00000, 0x0000000729e00000, 0x000000072a000000|  0%| F|  |TAMS 0x0000000729e00000| PB 0x0000000729e00000| Untracked 
|2006|0x00000007fde00000, 0x00000007fe000000, 0x00000007fe000000|100%| O|  |TAMS 0x00000007fde00000| PB 0x00000007fde00000| Untracked 
|2007|0x00000007fe000000, 0x00000007fe200000, 0x00000007fe200000|100%| O|  |TAMS 0x00000007fe000000| PB 0x00000007fe000000| Untracked 
|2008|0x00000007fe200000, 0x00000007fe400000, 0x00000007fe400000|100%| O|  |TAMS 0x00000007fe200000| PB 0x00000007fe200000| Untracked 
|2009|0x00000007fe400000, 0x00000007fe600000, 0x00000007fe600000|100%| O|  |TAMS 0x00000007fe400000| PB 0x00000007fe400000| Untracked 
|2010|0x00000007fe600000, 0x00000007fe800000, 0x00000007fe800000|100%| O|  |TAMS 0x00000007fe600000| PB 0x00000007fe600000| Untracked 
|2011|0x00000007fe800000, 0x00000007fea00000, 0x00000007fea00000|100%| O|  |TAMS 0x00000007fe800000| PB 0x00000007fe800000| Untracked 
|2012|0x00000007fea00000, 0x00000007fec00000, 0x00000007fec00000|100%| O|  |TAMS 0x00000007fea00000| PB 0x00000007fea00000| Untracked 
|2013|0x00000007fec00000, 0x00000007fec00000, 0x00000007fee00000|  0%| F|  |TAMS 0x00000007fec00000| PB 0x00000007fec00000| Untracked 
|2014|0x00000007fee00000, 0x00000007fee00000, 0x00000007ff000000|  0%| F|  |TAMS 0x00000007fee00000| PB 0x00000007fee00000| Untracked 
|2015|0x00000007ff000000, 0x00000007ff200000, 0x00000007ff200000|100%| O|  |TAMS 0x00000007ff000000| PB 0x00000007ff000000| Untracked 
|2016|0x00000007ff200000, 0x00000007ff400000, 0x00000007ff400000|100%| O|  |TAMS 0x00000007ff200000| PB 0x00000007ff200000| Untracked 
|2017|0x00000007ff400000, 0x00000007ff600000, 0x00000007ff600000|100%| O|  |TAMS 0x00000007ff400000| PB 0x00000007ff400000| Untracked 
|2018|0x00000007ff600000, 0x00000007ff800000, 0x00000007ff800000|100%| O|  |TAMS 0x00000007ff600000| PB 0x00000007ff600000| Untracked 
|2019|0x00000007ff800000, 0x00000007ffa00000, 0x00000007ffa00000|100%| O|  |TAMS 0x00000007ff800000| PB 0x00000007ff800000| Untracked 
|2020|0x00000007ffa00000, 0x00000007ffa00000, 0x00000007ffc00000|  0%| F|  |TAMS 0x00000007ffa00000| PB 0x00000007ffa00000| Untracked 
|2021|0x00000007ffc00000, 0x00000007ffc00000, 0x00000007ffe00000|  0%| F|  |TAMS 0x00000007ffc00000| PB 0x00000007ffc00000| Untracked 
|2022|0x00000007ffe00000, 0x00000007ffe00000, 0x0000000800000000|  0%| F|  |TAMS 0x00000007ffe00000| PB 0x00000007ffe00000| Untracked 

Card table byte_map: [0x0000015c494c0000,0x0000015c49cb0000] _byte_map_base: 0x0000015c45ca7000

Marking Bits: (CMBitMap*) 0x0000015c3073dcf0
 Bits: [0x0000015c49cb0000, 0x0000015c4dbe8000)

Polling page: 0x0000015c2e4f0000

Metaspace:

Usage:
  Non-class:     95.88 MB used.
      Class:     11.99 MB used.
       Both:    107.87 MB used.

Virtual space:
  Non-class space:      128.00 MB reserved,      96.75 MB ( 76%) committed,  2 nodes.
      Class space:        1.00 GB reserved,      12.62 MB (  1%) committed,  1 nodes.
             Both:        1.12 GB reserved,     109.38 MB (  9%) committed. 

Chunk freelists:
   Non-Class:  15.48 MB
       Class:  3.31 MB
        Both:  18.79 MB

MaxMetaspaceSize: unlimited
CompressedClassSpaceSize: 1.00 GB
Initial GC threshold: 21.00 MB
Current GC threshold: 182.31 MB
CDS: off
 - commit_granule_bytes: 65536.
 - commit_granule_words: 8192.
 - virtual_space_node_default_size: 8388608.
 - enlarge_chunks_in_place: 1.
 - use_allocation_guard: 0.


Internal statistics:

num_allocs_failed_limit: 6.
num_arena_births: 1788.
num_arena_deaths: 624.
num_vsnodes_births: 3.
num_vsnodes_deaths: 0.
num_space_committed: 1765.
num_space_uncommitted: 9.
num_chunks_returned_to_freelist: 1100.
num_chunks_taken_from_freelist: 5372.
num_chunk_merges: 232.
num_chunk_splits: 3280.
num_chunks_enlarged: 2204.
num_inconsistent_stats: 0.

CodeHeap 'non-profiled nmethods': size=120000Kb used=10706Kb max_used=12548Kb free=109294Kb
 bounds [0x0000015c41470000, 0x0000015c420d0000, 0x0000015c489a0000]
CodeHeap 'profiled nmethods': size=120000Kb used=14911Kb max_used=24722Kb free=105088Kb
 bounds [0x0000015c399a0000, 0x0000015c3b1f0000, 0x0000015c40ed0000]
CodeHeap 'non-nmethods': size=5760Kb used=2274Kb max_used=2329Kb free=3485Kb
 bounds [0x0000015c40ed0000, 0x0000015c41140000, 0x0000015c41470000]
CodeCache: size=245760Kb, used=27891Kb, max_used=39599Kb, free=217867Kb
 total_blobs=9740, nmethods=8621, adapters=1019, full_count=0
Compilation: enabled, stopped_count=0, restarted_count=0

Compilation events (20 events):
Event: 10985.721 Thread 0x0000015c50757480 29986       3       javax.swing.Timer::start (14 bytes)
Event: 10985.721 Thread 0x0000015c50757480 nmethod 29986 0x0000015c399a1a90 code [0x0000015c399a1c60, 0x0000015c399a1e68]
Event: 10985.729 Thread 0x0000015c507569f0 29987       4       java.util.TreeMap$EntrySet::iterator (19 bytes)
Event: 10985.732 Thread 0x0000015c507569f0 nmethod 29987 0x0000015c41483a10 code [0x0000015c41483ba0, 0x0000015c41483ee0]
Event: 10985.743 Thread 0x0000015c572f4bb0 29988       4       jdk.internal.math.FDBigInteger::leftInplaceSub (335 bytes)
Event: 10985.749 Thread 0x0000015c572f4bb0 nmethod 29988 0x0000015c41a74410 code [0x0000015c41a745c0, 0x0000015c41a74a68]
Event: 10985.752 Thread 0x0000015c572f4bb0 29990       4       com.st.microxplorer.mcu.IP::removeParameterValue (45 bytes)
Event: 10985.764 Thread 0x0000015c507569f0 29991       4       com.st.microxplorer.mcu.IP::setParameterValueNoFire (20 bytes)
Event: 10985.765 Thread 0x0000015c507569f0 nmethod 29991 0x0000015c414caa10 code [0x0000015c414caba0, 0x0000015c414cac60]
Event: 10985.772 Thread 0x0000015c50757480 29992       1       javax.swing.plaf.basic.BasicProgressBarUI::getAnimationIndex (5 bytes)
Event: 10985.772 Thread 0x0000015c50757480 nmethod 29992 0x0000015c414cb310 code [0x0000015c414cb4a0, 0x0000015c414cb568]
Event: 10985.776 Thread 0x0000015c572f4bb0 nmethod 29990 0x0000015c4165e390 code [0x0000015c4165e680, 0x0000015c4165ff58]
Event: 10986.070 Thread 0x0000015c50757480 29994       1       jdk.internal.math.FloatingDecimal$BinaryToASCIIBuffer::digitsRoundedUp (5 bytes)
Event: 10986.071 Thread 0x0000015c50757480 nmethod 29994 0x0000015c414cd110 code [0x0000015c414cd2a0, 0x0000015c414cd370]
Event: 10986.071 Thread 0x0000015c50757480 29995       1       jdk.internal.math.FloatingDecimal$BinaryToASCIIBuffer::decimalDigitsExact (5 bytes)
Event: 10986.071 Thread 0x0000015c50757480 nmethod 29995 0x0000015c414eb390 code [0x0000015c414eb520, 0x0000015c414eb5f0]
Event: 10986.089 Thread 0x0000015c507569f0 29996       4       java.util.Locale::equals (75 bytes)
Event: 10986.090 Thread 0x0000015c507569f0 nmethod 29996 0x0000015c41706110 code [0x0000015c417062a0, 0x0000015c41706418]
Event: 10986.121 Thread 0x0000015c50757480 29997       3       java.lang.Double::isInfinite (17 bytes)
Event: 10986.121 Thread 0x0000015c50757480 nmethod 29997 0x0000015c399a5e90 code [0x0000015c399a6060, 0x0000015c399a61e8]

GC Heap History (20 events):
Event: 7429.058 GC heap after
{Heap after GC invocations=301 (full 0):
 garbage-first heap   total 514048K, used 261786K [0x0000000703200000, 0x0000000800000000)
  region size 2048K, 3 young (6144K), 3 survivors (6144K)
 Metaspace       used 108379K, committed 109696K, reserved 1179648K
  class space    used 12018K, committed 12608K, reserved 1048576K
}
Event: 7430.097 GC heap before
{Heap before GC invocations=301 (full 0):
 garbage-first heap   total 514048K, used 466586K [0x0000000703200000, 0x0000000800000000)
  region size 2048K, 103 young (210944K), 3 survivors (6144K)
 Metaspace       used 108738K, committed 110016K, reserved 1179648K
  class space    used 12033K, committed 12608K, reserved 1048576K
}
Event: 7430.101 GC heap after
{Heap after GC invocations=302 (full 0):
 garbage-first heap   total 514048K, used 267108K [0x0000000703200000, 0x0000000800000000)
  region size 2048K, 5 young (10240K), 5 survivors (10240K)
 Metaspace       used 108738K, committed 110016K, reserved 1179648K
  class space    used 12033K, committed 12608K, reserved 1048576K
}
Event: 7441.567 GC heap before
{Heap before GC invocations=302 (full 0):
 garbage-first heap   total 514048K, used 467812K [0x0000000703200000, 0x0000000800000000)
  region size 2048K, 104 young (212992K), 5 survivors (10240K)
 Metaspace       used 111312K, committed 112704K, reserved 1179648K
  class space    used 12335K, committed 12928K, reserved 1048576K
}
Event: 7441.570 GC heap after
{Heap after GC invocations=303 (full 0):
 garbage-first heap   total 514048K, used 268592K [0x0000000703200000, 0x0000000800000000)
  region size 2048K, 5 young (10240K), 5 survivors (10240K)
 Metaspace       used 111312K, committed 112704K, reserved 1179648K
  class space    used 12335K, committed 12928K, reserved 1048576K
}
Event: 10984.556 GC heap before
{Heap before GC invocations=304 (full 0):
 garbage-first heap   total 514048K, used 479536K [0x0000000703200000, 0x0000000800000000)
  region size 2048K, 108 young (221184K), 5 survivors (10240K)
 Metaspace       used 110394K, committed 112000K, reserved 1179648K
  class space    used 12277K, committed 12928K, reserved 1048576K
}
Event: 10984.569 GC heap after
{Heap after GC invocations=305 (full 0):
 garbage-first heap   total 514048K, used 268967K [0x0000000703200000, 0x0000000800000000)
  region size 2048K, 5 young (10240K), 5 survivors (10240K)
 Metaspace       used 110394K, committed 112000K, reserved 1179648K
  class space    used 12277K, committed 12928K, reserved 1048576K
}
Event: 10984.837 GC heap before
{Heap before GC invocations=305 (full 0):
 garbage-first heap   total 514048K, used 484007K [0x0000000703200000, 0x0000000800000000)
  region size 2048K, 110 young (225280K), 5 survivors (10240K)
 Metaspace       used 110458K, committed 112000K, reserved 1179648K
  class space    used 12277K, committed 12928K, reserved 1048576K
}
Event: 10984.843 GC heap after
{Heap after GC invocations=306 (full 0):
 garbage-first heap   total 514048K, used 267191K [0x0000000703200000, 0x0000000800000000)
  region size 2048K, 5 young (10240K), 5 survivors (10240K)
 Metaspace       used 110458K, committed 112000K, reserved 1179648K
  class space    used 12277K, committed 12928K, reserved 1048576K
}
Event: 10985.057 GC heap before
{Heap before GC invocations=306 (full 0):
 garbage-first heap   total 514048K, used 484279K [0x0000000703200000, 0x0000000800000000)
  region size 2048K, 111 young (227328K), 5 survivors (10240K)
 Metaspace       used 110459K, committed 112000K, reserved 1179648K
  class space    used 12277K, committed 12928K, reserved 1048576K
}
Event: 10985.062 GC heap after
{Heap after GC invocations=307 (full 0):
 garbage-first heap   total 514048K, used 267673K [0x0000000703200000, 0x0000000800000000)
  region size 2048K, 6 young (12288K), 6 survivors (12288K)
 Metaspace       used 110459K, committed 112000K, reserved 1179648K
  class space    used 12277K, committed 12928K, reserved 1048576K
}
Event: 10985.335 GC heap before
{Heap before GC invocations=308 (full 0):
 garbage-first heap   total 514048K, used 482713K [0x0000000703200000, 0x0000000800000000)
  region size 2048K, 111 young (227328K), 6 survivors (12288K)
 Metaspace       used 110459K, committed 112000K, reserved 1179648K
  class space    used 12277K, committed 12928K, reserved 1048576K
}
Event: 10985.339 GC heap after
{Heap after GC invocations=309 (full 0):
 garbage-first heap   total 514048K, used 267674K [0x0000000703200000, 0x0000000800000000)
  region size 2048K, 6 young (12288K), 6 survivors (12288K)
 Metaspace       used 110459K, committed 112000K, reserved 1179648K
  class space    used 12277K, committed 12928K, reserved 1048576K
}
Event: 10985.544 GC heap before
{Heap before GC invocations=309 (full 0):
 garbage-first heap   total 514048K, used 482714K [0x0000000703200000, 0x0000000800000000)
  region size 2048K, 111 young (227328K), 6 survivors (12288K)
 Metaspace       used 110459K, committed 112000K, reserved 1179648K
  class space    used 12277K, committed 12928K, reserved 1048576K
}
Event: 10985.549 GC heap after
{Heap after GC invocations=310 (full 0):
 garbage-first heap   total 514048K, used 266424K [0x0000000703200000, 0x0000000800000000)
  region size 2048K, 6 young (12288K), 6 survivors (12288K)
 Metaspace       used 110459K, committed 112000K, reserved 1179648K
  class space    used 12277K, committed 12928K, reserved 1048576K
}
Event: 10985.745 GC heap before
{Heap before GC invocations=310 (full 0):
 garbage-first heap   total 514048K, used 483512K [0x0000000703200000, 0x0000000800000000)
  region size 2048K, 112 young (229376K), 6 survivors (12288K)
 Metaspace       used 110459K, committed 112000K, reserved 1179648K
  class space    used 12277K, committed 12928K, reserved 1048576K
}
Event: 10985.749 GC heap after
{Heap after GC invocations=311 (full 0):
 garbage-first heap   total 514048K, used 265991K [0x0000000703200000, 0x0000000800000000)
  region size 2048K, 5 young (10240K), 5 survivors (10240K)
 Metaspace       used 110459K, committed 112000K, reserved 1179648K
  class space    used 12277K, committed 12928K, reserved 1048576K
}
Event: 10985.966 GC heap before
{Heap before GC invocations=312 (full 0):
 garbage-first heap   total 514048K, used 485127K [0x0000000703200000, 0x0000000800000000)
  region size 2048K, 112 young (229376K), 5 survivors (10240K)
 Metaspace       used 110459K, committed 112000K, reserved 1179648K
  class space    used 12277K, committed 12928K, reserved 1048576K
}
Event: 10985.970 GC heap after
{Heap after GC invocations=313 (full 0):
 garbage-first heap   total 514048K, used 266426K [0x0000000703200000, 0x0000000800000000)
  region size 2048K, 6 young (12288K), 6 survivors (12288K)
 Metaspace       used 110459K, committed 112000K, reserved 1179648K
  class space    used 12277K, committed 12928K, reserved 1048576K
}
Event: 10986.158 GC heap before
{Heap before GC invocations=313 (full 0):
 garbage-first heap   total 514048K, used 483514K [0x0000000703200000, 0x0000000800000000)
  region size 2048K, 112 young (229376K), 6 survivors (12288K)
 Metaspace       used 110459K, committed 112000K, reserved 1179648K
  class space    used 12277K, committed 12928K, reserved 1048576K
}

Dll operation events (20 events):
Event: 0.043 Loaded shared library C:\Program Files\STMicroelectronics\STM32Cube\STM32CubeMX\jre\bin\jsvml.dll
Event: 0.085 Loaded shared library C:\Program Files\STMicroelectronics\STM32Cube\STM32CubeMX\jre\bin\net.dll
Event: 0.087 Loaded shared library C:\Program Files\STMicroelectronics\STM32Cube\STM32CubeMX\jre\bin\nio.dll
Event: 0.114 Loaded shared library C:\Program Files\STMicroelectronics\STM32Cube\STM32CubeMX\jre\bin\zip.dll
Event: 0.138 Loaded shared library C:\Program Files\STMicroelectronics\STM32Cube\STM32CubeMX\jre\bin\jimage.dll
Event: 0.278 Loaded shared library C:\Program Files\STMicroelectronics\STM32Cube\STM32CubeMX\jre\bin\management.dll
Event: 0.283 Loaded shared library C:\Program Files\STMicroelectronics\STM32Cube\STM32CubeMX\jre\bin\management_ext.dll
Event: 0.778 Loaded shared library C:\Program Files\STMicroelectronics\STM32Cube\STM32CubeMX\jre\bin\awt.dll
Event: 1.026 Loaded shared library C:\Program Files\STMicroelectronics\STM32Cube\STM32CubeMX\jre\bin\freetype.dll
Event: 1.027 Loaded shared library C:\Program Files\STMicroelectronics\STM32Cube\STM32CubeMX\jre\bin\fontmanager.dll
Event: 1.196 Loaded shared library C:\Program Files\STMicroelectronics\STM32Cube\STM32CubeMX\jre\bin\verify.dll
Event: 1.328 Loaded shared library C:\Program Files\STMicroelectronics\STM32Cube\STM32CubeMX\jre\bin\prefs.dll
Event: 1.507 Loaded shared library C:\Users\William\AppData\Local\Temp\jna--1282435805\jna12334944008693942672.dll
Event: 4.898 Loaded shared library C:\Program Files\STMicroelectronics\STM32Cube\STM32CubeMX\jre\bin\sunmscapi.dll
Event: 5.529 Loaded shared library C:\Program Files\STMicroelectronics\STM32Cube\STM32CubeMX\jre\bin\extnet.dll
Event: 6.442 Loaded shared library C:\Program Files\STMicroelectronics\STM32Cube\STM32CubeMX\jre\bin\javajpeg.dll
Event: 10.121 Loaded shared library C:\Users\William\.stm32cubemx\.jxbrowser-8.15.0\Chromium\toolkit64.dll
Event: 11.527 Loaded shared library C:\Users\William\.stm32cubemx\.jxbrowser-8.15.0\Chromium\ipc64.dll
Event: 31.793 Loaded shared library C:\Users\William\AppData\Local\Temp\sqlite-3.49.1.0-0b113774-65e1-48ff-bf79-3f9795b20644-sqlitejdbc.dll
Event: 7430.812 Loaded shared library C:\Program Files\STMicroelectronics\STM32Cube\STM32CubeMX\jre\bin\rmi.dll

Deoptimization events (20 events):
Event: 10984.890 Thread 0x0000015c5ed374b0 DEOPT PACKING pc=0x0000015c3a19db9d sp=0x000000558ccfd6a0
Event: 10984.890 Thread 0x0000015c5ed374b0 DEOPT UNPACKING pc=0x0000015c40f286e2 sp=0x000000558ccfcb88 mode 0
Event: 10984.903 Thread 0x0000015c5ed374b0 DEOPT PACKING pc=0x0000015c3a19db9d sp=0x000000558ccfd6a0
Event: 10984.903 Thread 0x0000015c5ed374b0 DEOPT UNPACKING pc=0x0000015c40f286e2 sp=0x000000558ccfcb88 mode 0
Event: 10984.929 Thread 0x0000015c5ed374b0 DEOPT PACKING pc=0x0000015c3a19db9d sp=0x000000558ccfd6a0
Event: 10984.929 Thread 0x0000015c5ed374b0 DEOPT UNPACKING pc=0x0000015c40f286e2 sp=0x000000558ccfcb88 mode 0
Event: 10984.994 Thread 0x0000015c5ed374b0 DEOPT PACKING pc=0x0000015c3a19db9d sp=0x000000558ccfd6a0
Event: 10984.994 Thread 0x0000015c5ed374b0 DEOPT UNPACKING pc=0x0000015c40f286e2 sp=0x000000558ccfcb88 mode 0
Event: 10985.924 Thread 0x0000015c5ed374b0 Uncommon trap: trap_request=0xffffffbe fr.pc=0x0000015c420b96c0 relative=0x0000000000007c00
Event: 10985.924 Thread 0x0000015c5ed374b0 Uncommon trap: reason=profile_predicate action=maybe_recompile pc=0x0000015c420b96c0 method=com.st.microxplorer.plugins.clock.model.reversePath.Round$RoundForPath.calcValuesForPath(DLcom/st/microxplorer/plugins/clock/model/clocktree/Element;Ljava/util/Lis
Event: 10985.924 Thread 0x0000015c5ed374b0 DEOPT PACKING pc=0x0000015c420b96c0 sp=0x000000558ccfea00
Event: 10985.924 Thread 0x0000015c5ed374b0 DEOPT UNPACKING pc=0x0000015c40f27ba2 sp=0x000000558ccfea08 mode 2
Event: 10986.014 Thread 0x0000015c5ed374b0 Uncommon trap: trap_request=0xffffffbe fr.pc=0x0000015c420b96c0 relative=0x0000000000007c00
Event: 10986.014 Thread 0x0000015c5ed374b0 Uncommon trap: reason=profile_predicate action=maybe_recompile pc=0x0000015c420b96c0 method=com.st.microxplorer.plugins.clock.model.reversePath.Round$RoundForPath.calcValuesForPath(DLcom/st/microxplorer/plugins/clock/model/clocktree/Element;Ljava/util/Lis
Event: 10986.014 Thread 0x0000015c5ed374b0 DEOPT PACKING pc=0x0000015c420b96c0 sp=0x000000558ccfea00
Event: 10986.014 Thread 0x0000015c5ed374b0 DEOPT UNPACKING pc=0x0000015c40f27ba2 sp=0x000000558ccfea08 mode 2
Event: 10986.117 Thread 0x0000015c5ed374b0 Uncommon trap: trap_request=0xffffffbe fr.pc=0x0000015c420b96c0 relative=0x0000000000007c00
Event: 10986.117 Thread 0x0000015c5ed374b0 Uncommon trap: reason=profile_predicate action=maybe_recompile pc=0x0000015c420b96c0 method=com.st.microxplorer.plugins.clock.model.reversePath.Round$RoundForPath.calcValuesForPath(DLcom/st/microxplorer/plugins/clock/model/clocktree/Element;Ljava/util/Lis
Event: 10986.117 Thread 0x0000015c5ed374b0 DEOPT PACKING pc=0x0000015c420b96c0 sp=0x000000558ccfea00
Event: 10986.117 Thread 0x0000015c5ed374b0 DEOPT UNPACKING pc=0x0000015c40f27ba2 sp=0x000000558ccfea08 mode 2

Classes loaded (20 events):
Event: 10976.247 Loading class sun/util/resources/BreakIteratorResourceBundle done
Event: 10976.247 Loading class sun/text/resources/BreakIteratorResources done
Event: 10976.247 Loading class sun/text/resources/BreakIteratorResources_en
Event: 10976.248 Loading class sun/text/resources/BreakIteratorResources_en done
Event: 10976.250 Loading class sun/text/RuleBasedBreakIterator
Event: 10976.253 Loading class sun/text/RuleBasedBreakIterator done
Event: 10976.261 Loading class sun/text/CompactByteArray
Event: 10976.262 Loading class sun/text/CompactByteArray done
Event: 10976.262 Loading class sun/text/SupplementaryCharacterData
Event: 10976.262 Loading class sun/text/SupplementaryCharacterData done
Event: 10976.263 Loading class java/text/BreakIterator$BreakIteratorCache
Event: 10976.263 Loading class java/text/BreakIterator$BreakIteratorCache done
Event: 10976.263 Loading class javax/swing/text/DefaultHighlighter$LayeredHighlightInfo
Event: 10976.264 Loading class javax/swing/text/DefaultHighlighter$HighlightInfo
Event: 10976.264 Loading class javax/swing/text/DefaultHighlighter$HighlightInfo done
Event: 10976.264 Loading class javax/swing/text/DefaultHighlighter$LayeredHighlightInfo done
Event: 10977.480 Loading class javax/swing/plaf/basic/BasicScrollPaneUI$Actions
Event: 10977.480 Loading class javax/swing/plaf/basic/BasicScrollPaneUI$Actions done
Event: 10979.645 Loading class javax/swing/plaf/basic/BasicProgressBarUI$Animator
Event: 10979.645 Loading class javax/swing/plaf/basic/BasicProgressBarUI$Animator done

Classes unloaded (20 events):
Event: 7441.685 Thread 0x0000015c2e285000 Unloading class 0x0000000800705a40 'com/st/stm32cube/ide/common/services/mx/jar/core/mx/plugin/PlugInInstaller$PlugInRoot'
Event: 7441.685 Thread 0x0000015c2e285000 Unloading class 0x0000000800705800 'com/st/stm32cube/ide/common/services/mx/jar/core/mx/plugin/PlugInInstaller'
Event: 7441.685 Thread 0x0000015c2e285000 Unloading class 0x00000008007c04d8 'com/st/stm32cube/ide/common/services/mx/jar/core/mx/plugin/PlugIn'
Event: 7441.685 Thread 0x0000015c2e285000 Unloading class 0x00000008007c0200 'com/st/stm32cube/ide/common/services/mx/jar/core/mx/plugin/PlugInAbstract'
Event: 7441.685 Thread 0x0000015c2e285000 Unloading class 0x00000008007c0000 'com/st/stm32cube/ide/common/services/mx/jar/core/mx/plugin/PlugInInterface'
Event: 7441.685 Thread 0x0000015c2e285000 Unloading class 0x00000008007d1240 'com/st/stm32cube/ide/common/services/mx/jar/core/mx/plugin/PlugInInstaller$PlugInRoot'
Event: 7441.685 Thread 0x0000015c2e285000 Unloading class 0x00000008007d1000 'com/st/stm32cube/ide/common/services/mx/jar/core/mx/plugin/PlugInInstaller'
Event: 7441.685 Thread 0x0000015c2e285000 Unloading class 0x00000008007d44d8 'com/st/stm32cube/ide/common/services/mx/jar/core/mx/plugin/PlugIn'
Event: 7441.685 Thread 0x0000015c2e285000 Unloading class 0x00000008007d4200 'com/st/stm32cube/ide/common/services/mx/jar/core/mx/plugin/PlugInAbstract'
Event: 7441.685 Thread 0x0000015c2e285000 Unloading class 0x00000008007d4000 'com/st/stm32cube/ide/common/services/mx/jar/core/mx/plugin/PlugInInterface'
Event: 7441.685 Thread 0x0000015c2e285000 Unloading class 0x00000008007d7a40 'com/st/stm32cube/ide/common/services/mx/jar/core/mx/plugin/PlugInInstaller$PlugInRoot'
Event: 7441.685 Thread 0x0000015c2e285000 Unloading class 0x00000008007d7800 'com/st/stm32cube/ide/common/services/mx/jar/core/mx/plugin/PlugInInstaller'
Event: 7441.685 Thread 0x0000015c2e285000 Unloading class 0x00000008007d84d8 'com/st/stm32cube/ide/common/services/mx/jar/core/mx/plugin/PlugIn'
Event: 7441.685 Thread 0x0000015c2e285000 Unloading class 0x00000008007d8200 'com/st/stm32cube/ide/common/services/mx/jar/core/mx/plugin/PlugInAbstract'
Event: 7441.685 Thread 0x0000015c2e285000 Unloading class 0x00000008007d8000 'com/st/stm32cube/ide/common/services/mx/jar/core/mx/plugin/PlugInInterface'
Event: 7441.685 Thread 0x0000015c2e285000 Unloading class 0x0000000800828240 'com/st/stm32cube/ide/common/services/mx/jar/core/mx/plugin/PlugInInstaller$PlugInRoot'
Event: 7441.685 Thread 0x0000015c2e285000 Unloading class 0x0000000800828000 'com/st/stm32cube/ide/common/services/mx/jar/core/mx/plugin/PlugInInstaller'
Event: 7441.685 Thread 0x0000015c2e285000 Unloading class 0x000000080088c4d8 'com/st/stm32cube/ide/common/services/mx/jar/core/mx/plugin/PlugIn'
Event: 7441.685 Thread 0x0000015c2e285000 Unloading class 0x000000080088c200 'com/st/stm32cube/ide/common/services/mx/jar/core/mx/plugin/PlugInAbstract'
Event: 7441.685 Thread 0x0000015c2e285000 Unloading class 0x000000080088c000 'com/st/stm32cube/ide/common/services/mx/jar/core/mx/plugin/PlugInInterface'

Classes redefined (0 events):
No events

Internal exceptions (20 events):
Event: 7430.777 Thread 0x0000015c5995abb0 Exception <a 'java/lang/NoSuchMethodError'{0x000000071837bdf0}: 'java.lang.Object java.lang.invoke.DirectMethodHandle$Holder.invokeStatic(java.lang.Object, int, java.lang.Object, java.lang.Object)'> (0x000000071837bdf0) 
thrown [s\src\hotspot\share\interpreter\linkResolver.cpp, line 773]
Event: 7430.778 Thread 0x0000015c5995abb0 Exception <a 'java/lang/NoSuchMethodError'{0x000000071837f550}: 'java.lang.Object java.lang.invoke.DelegatingMethodHandle$Holder.reinvoke_L(java.lang.Object, int, java.lang.Object, java.lang.Object)'> (0x000000071837f550) 
thrown [s\src\hotspot\share\interpreter\linkResolver.cpp, line 773]
Event: 7433.286 Thread 0x0000015c60335410 Exception <a 'java/lang/NoSuchMethodError'{0x0000000717825800}: static [B.<clinit>()V> (0x0000000717825800) 
thrown [s\src\hotspot\share\prims\jni.cpp, line 1111]
Event: 7437.385 Thread 0x0000015c60335410 Exception <a 'java/lang/NoSuchMethodError'{0x0000000717837a90}: 'void java.lang.invoke.DirectMethodHandle$Holder.invokeInterface(java.lang.Object, java.lang.Object, int, java.lang.Object)'> (0x0000000717837a90) 
thrown [s\src\hotspot\share\interpreter\linkResolver.cpp, line 773]
Event: 7437.385 Thread 0x0000015c60335410 Exception <a 'java/lang/NoSuchMethodError'{0x000000071783b170}: 'void java.lang.invoke.DelegatingMethodHandle$Holder.reinvoke_L(java.lang.Object, java.lang.Object, int, java.lang.Object)'> (0x000000071783b170) 
thrown [s\src\hotspot\share\interpreter\linkResolver.cpp, line 773]
Event: 7437.503 Thread 0x0000015c58f27430 Exception <a 'sun/net/ConnectionResetException'{0x0000000717a67c78}: Connection reset> (0x0000000717a67c78) 
thrown [s\src\hotspot\share\prims\jni.cpp, line 539]
Event: 7437.503 Thread 0x0000015c60335410 Exception <a 'sun/net/ConnectionResetException'{0x000000071784c888}: Connection reset> (0x000000071784c888) 
thrown [s\src\hotspot\share\prims\jni.cpp, line 539]
Event: 7437.545 Thread 0x0000015c5995abb0 Exception <a 'java/io/IOException'{0x0000000717dd2188}> (0x0000000717dd2188) 
thrown [s\src\hotspot\share\prims\jni.cpp, line 520]
Event: 7437.545 Thread 0x0000015c5995abb0 Exception <a 'java/io/IOException'{0x0000000717dd2750}> (0x0000000717dd2750) 
thrown [s\src\hotspot\share\prims\jni.cpp, line 520]
Event: 7437.545 Thread 0x0000015c5995abb0 Exception <a 'java/io/IOException'{0x0000000717dd3d80}> (0x0000000717dd3d80) 
thrown [s\src\hotspot\share\prims\jni.cpp, line 520]
Event: 7437.545 Thread 0x0000015c5995abb0 Exception <a 'java/io/IOException'{0x0000000717dd4348}> (0x0000000717dd4348) 
thrown [s\src\hotspot\share\prims\jni.cpp, line 520]
Event: 7438.121 Thread 0x0000015c5995abb0 Exception <a 'java/io/IOException'{0x0000000717027150}> (0x0000000717027150) 
thrown [s\src\hotspot\share\prims\jni.cpp, line 520]
Event: 7438.121 Thread 0x0000015c5995abb0 Exception <a 'java/io/IOException'{0x0000000717027718}> (0x0000000717027718) 
thrown [s\src\hotspot\share\prims\jni.cpp, line 520]
Event: 7438.590 Thread 0x0000015c5995abb0 Exception <a 'java/io/IOException'{0x0000000716b7d758}> (0x0000000716b7d758) 
thrown [s\src\hotspot\share\prims\jni.cpp, line 520]
Event: 7438.590 Thread 0x0000015c5995abb0 Exception <a 'java/io/IOException'{0x0000000716b7dd20}> (0x0000000716b7dd20) 
thrown [s\src\hotspot\share\prims\jni.cpp, line 520]
Event: 10490.020 Thread 0x0000015c56f6a290 Exception <a 'java/io/IOException'{0x000000071ddc7c30}> (0x000000071ddc7c30) 
thrown [s\src\hotspot\share\prims\jni.cpp, line 520]
Event: 10490.021 Thread 0x0000015c56f6a290 Exception <a 'java/io/IOException'{0x000000071ddc81f8}> (0x000000071ddc81f8) 
thrown [s\src\hotspot\share\prims\jni.cpp, line 520]
Event: 10490.027 Thread 0x0000015c56f6a290 Implicit null exception at 0x0000015c414f3bf8 to 0x0000015c414f529c
Event: 10490.086 Thread 0x0000015c55b6e410 Implicit null exception at 0x0000015c420a00b3 to 0x0000015c420a06cc
Event: 10975.080 Thread 0x0000015c55b6e410 Implicit null exception at 0x0000015c41a7f419 to 0x0000015c41a80fcc

ZGC Phase Switch (0 events):
No events

VM Operations (20 events):
Event: 10984.843 Executing VM operation: G1CollectForAllocation (G1 Evacuation Pause) done
Event: 10985.057 Executing VM operation: G1CollectForAllocation (G1 Evacuation Pause)
Event: 10985.062 Executing VM operation: G1CollectForAllocation (G1 Evacuation Pause) done
Event: 10985.280 Executing VM operation: G1PauseRemark
Event: 10985.295 Executing VM operation: G1PauseRemark done
Event: 10985.332 Executing VM operation: G1PauseCleanup
Event: 10985.332 Executing VM operation: G1PauseCleanup done
Event: 10985.335 Executing VM operation: G1CollectForAllocation (G1 Evacuation Pause)
Event: 10985.339 Executing VM operation: G1CollectForAllocation (G1 Evacuation Pause) done
Event: 10985.544 Executing VM operation: G1CollectForAllocation (G1 Evacuation Pause)
Event: 10985.549 Executing VM operation: G1CollectForAllocation (G1 Evacuation Pause) done
Event: 10985.745 Executing VM operation: G1CollectForAllocation (G1 Evacuation Pause)
Event: 10985.749 Executing VM operation: G1CollectForAllocation (G1 Evacuation Pause) done
Event: 10985.877 Executing VM operation: G1PauseRemark
Event: 10985.880 Executing VM operation: G1PauseRemark done
Event: 10985.919 Executing VM operation: G1PauseCleanup
Event: 10985.919 Executing VM operation: G1PauseCleanup done
Event: 10985.966 Executing VM operation: G1CollectForAllocation (G1 Evacuation Pause)
Event: 10985.970 Executing VM operation: G1CollectForAllocation (G1 Evacuation Pause) done
Event: 10986.158 Executing VM operation: G1CollectForAllocation (G1 Evacuation Pause)

Memory protections (0 events):
No events

Nmethod flushes (20 events):
Event: 10985.880 Thread 0x0000015c2e285000 flushing  nmethod 0x0000015c41919c10
Event: 10985.880 Thread 0x0000015c2e285000 flushing  nmethod 0x0000015c41a7f090
Event: 10985.880 Thread 0x0000015c2e285000 flushing  nmethod 0x0000015c41da7690
Event: 10985.880 Thread 0x0000015c2e285000 flushing  nmethod 0x0000015c4209fc90
Event: 10985.880 Thread 0x0000015c2e285000 flushing  nmethod 0x0000015c39ae1790
Event: 10985.880 Thread 0x0000015c2e285000 flushing  nmethod 0x0000015c39ae2b10
Event: 10985.880 Thread 0x0000015c2e285000 flushing  nmethod 0x0000015c3a5ea690
Event: 10985.880 Thread 0x0000015c2e285000 flushing  nmethod 0x0000015c3a5ead90
Event: 10985.880 Thread 0x0000015c2e285000 flushing  nmethod 0x0000015c3a791890
Event: 10985.880 Thread 0x0000015c2e285000 flushing  nmethod 0x0000015c3b12ba10
Event: 10985.880 Thread 0x0000015c2e285000 flushing  nmethod 0x0000015c414a5810
Event: 10985.880 Thread 0x0000015c2e285000 flushing  nmethod 0x0000015c41cce310
Event: 10985.880 Thread 0x0000015c2e285000 flushing  nmethod 0x0000015c39a7f210
Event: 10985.880 Thread 0x0000015c2e285000 flushing  nmethod 0x0000015c39e67c90
Event: 10985.880 Thread 0x0000015c2e285000 flushing  nmethod 0x0000015c39e6b590
Event: 10985.880 Thread 0x0000015c2e285000 flushing  nmethod 0x0000015c3a005c10
Event: 10985.880 Thread 0x0000015c2e285000 flushing  nmethod 0x0000015c3a008010
Event: 10985.880 Thread 0x0000015c2e285000 flushing  nmethod 0x0000015c3a4ed990
Event: 10985.880 Thread 0x0000015c2e285000 flushing  nmethod 0x0000015c3b07d610
Event: 10985.880 Thread 0x0000015c2e285000 flushing  nmethod 0x0000015c3b119010

Events (20 events):
Event: 7497.515 Thread 0x0000015c58f27430 Thread exited: 0x0000015c58f27430
Event: 7497.515 Thread 0x0000015c60335410 Thread exited: 0x0000015c60335410
Event: 10488.705 Thread 0x0000015c50757480 Thread added: 0x0000015c572f4bb0
Event: 10489.942 Thread 0x0000015c572f4bb0 Thread exited: 0x0000015c572f4bb0
Event: 10489.944 Thread 0x0000015c579a7e30 Thread added: 0x0000015c579a7e30
Event: 10489.944 Thread 0x0000015c564d3d20 Thread added: 0x0000015c59974800
Event: 10489.947 Thread 0x0000015c564d3d20 Thread added: 0x0000015c59975520
Event: 10489.964 Thread 0x0000015c50757480 Thread added: 0x0000015c572f8230
Event: 10489.968 Thread 0x0000015c50757480 Thread added: 0x0000015c572f4bb0
Event: 10490.214 Thread 0x0000015c572f4bb0 Thread exited: 0x0000015c572f4bb0
Event: 10490.214 Thread 0x0000015c572f8230 Thread exited: 0x0000015c572f8230
Event: 10490.260 Thread 0x0000015c59c35400 Thread exited: 0x0000015c59c35400
Event: 10490.260 Thread 0x0000015c59c381f0 Thread exited: 0x0000015c59c381f0
Event: 10490.261 Thread 0x0000015c59c38880 Thread exited: 0x0000015c59c38880
Event: 10974.978 Thread 0x0000015c50757480 Thread added: 0x0000015c572f8230
Event: 10975.259 Thread 0x0000015c572f8230 Thread exited: 0x0000015c572f8230
Event: 10979.642 Thread 0x0000015c55b6e410 Thread added: 0x0000015c5ed381d0
Event: 10984.517 Thread 0x0000015c55b6e410 Thread added: 0x0000015c5ed374b0
Event: 10984.921 Thread 0x0000015c50757480 Thread added: 0x0000015c572f4bb0
Event: 10986.070 Thread 0x0000015c572f4bb0 Thread exited: 0x0000015c572f4bb0


Dynamic libraries:
0x00007ff731240000 - 0x00007ff73124e000 	C:\Program Files\STMicroelectronics\STM32Cube\STM32CubeMX\jre\bin\javaw.exe
0x00007ffc80ba0000 - 0x00007ffc80e07000 	C:\WINDOWS\SYSTEM32\ntdll.dll
0x00007ffc801a0000 - 0x00007ffc80269000 	C:\WINDOWS\System32\KERNEL32.DLL
0x00007ffc7d7e0000 - 0x00007ffc7dbd7000 	C:\WINDOWS\System32\KERNELBASE.dll
0x00007ffc7a9c0000 - 0x00007ffc7aa60000 	C:\WINDOWS\SYSTEM32\apphelp.dll
0x00007ffc7dbe0000 - 0x00007ffc7dd2b000 	C:\WINDOWS\System32\ucrtbase.dll
0x00007ffbcb010000 - 0x00007ffbcb02e000 	C:\Program Files\STMicroelectronics\STM32Cube\STM32CubeMX\jre\bin\VCRUNTIME140.dll
0x00007ffc6a0b0000 - 0x00007ffc6a0c8000 	C:\Program Files\STMicroelectronics\STM32Cube\STM32CubeMX\jre\bin\jli.dll
0x00007ffc80860000 - 0x00007ffc80a26000 	C:\WINDOWS\System32\USER32.dll
0x00007ffc7d7b0000 - 0x00007ffc7d7d7000 	C:\WINDOWS\System32\win32u.dll
0x00007ffc80b30000 - 0x00007ffc80b5b000 	C:\WINDOWS\System32\GDI32.dll
0x00007ffc61b20000 - 0x00007ffc61db2000 	C:\WINDOWS\WinSxS\amd64_microsoft.windows.common-controls_6595b64144ccf1df_6.0.26100.8457_none_3e0b2faee331e92d\COMCTL32.dll
0x00007ffc7d5d0000 - 0x00007ffc7d6fc000 	C:\WINDOWS\System32\gdi32full.dll
0x00007ffc804b0000 - 0x00007ffc80559000 	C:\WINDOWS\System32\msvcrt.dll
0x00007ffc7dd30000 - 0x00007ffc7ddd3000 	C:\WINDOWS\System32\msvcp_win.dll
0x00007ffc80a30000 - 0x00007ffc80a62000 	C:\WINDOWS\System32\IMM32.DLL
0x00007ffc6f2d0000 - 0x00007ffc6f2dc000 	C:\Program Files\STMicroelectronics\STM32Cube\STM32CubeMX\jre\bin\vcruntime140_1.dll
0x00007ffbc6810000 - 0x00007ffbc689d000 	C:\Program Files\STMicroelectronics\STM32Cube\STM32CubeMX\jre\bin\msvcp140.dll
0x00007ffba0930000 - 0x00007ffba16d0000 	C:\Program Files\STMicroelectronics\STM32Cube\STM32CubeMX\jre\bin\server\jvm.dll
0x00007ffc80a70000 - 0x00007ffc80b26000 	C:\WINDOWS\System32\ADVAPI32.dll
0x00007ffc7fed0000 - 0x00007ffc7ff77000 	C:\WINDOWS\System32\sechost.dll
0x00007ffc7ff80000 - 0x00007ffc80098000 	C:\WINDOWS\System32\RPCRT4.dll
0x00007ffc7fe40000 - 0x00007ffc7fec0000 	C:\WINDOWS\System32\WS2_32.dll
0x00007ffc7d430000 - 0x00007ffc7d48e000 	C:\WINDOWS\SYSTEM32\POWRPROF.dll
0x00007ffc74890000 - 0x00007ffc7489b000 	C:\WINDOWS\SYSTEM32\VERSION.dll
0x00007ffc74bc0000 - 0x00007ffc74bf6000 	C:\WINDOWS\SYSTEM32\WINMM.dll
0x00007ffc7d410000 - 0x00007ffc7d424000 	C:\WINDOWS\SYSTEM32\UMPDC.dll
0x00007ffc7c360000 - 0x00007ffc7c37b000 	C:\WINDOWS\SYSTEM32\kernel.appcore.dll
0x00007ffc3a0f0000 - 0x00007ffc3a0fa000 	C:\Program Files\STMicroelectronics\STM32Cube\STM32CubeMX\jre\bin\jimage.dll
0x00007ffc7b480000 - 0x00007ffc7b6c2000 	C:\WINDOWS\SYSTEM32\DBGHELP.DLL
0x00007ffc7fab0000 - 0x00007ffc7fe33000 	C:\WINDOWS\System32\combase.dll
0x00007ffc7e960000 - 0x00007ffc7ea39000 	C:\WINDOWS\System32\OLEAUT32.dll
0x00007ffc5e010000 - 0x00007ffc5e04b000 	C:\WINDOWS\SYSTEM32\dbgcore.DLL
0x00007ffc7d700000 - 0x00007ffc7d7a8000 	C:\WINDOWS\System32\bcryptPrimitives.dll
0x00007ffbc7a60000 - 0x00007ffbc7a80000 	C:\Program Files\STMicroelectronics\STM32Cube\STM32CubeMX\jre\bin\java.dll
0x00007ffc7eac0000 - 0x00007ffc7f22e000 	C:\WINDOWS\System32\SHELL32.dll
0x00007ffc7e020000 - 0x00007ffc7e88c000 	C:\WINDOWS\System32\windows.storage.dll
0x00007ffc80570000 - 0x00007ffc80666000 	C:\WINDOWS\System32\SHCORE.dll
0x00007ffc80270000 - 0x00007ffc802d6000 	C:\WINDOWS\System32\shlwapi.dll
0x00007ffc7d4f0000 - 0x00007ffc7d519000 	C:\WINDOWS\SYSTEM32\profapi.dll
0x00007ffbc3ab0000 - 0x00007ffbc3b87000 	C:\Program Files\STMicroelectronics\STM32Cube\STM32CubeMX\jre\bin\jsvml.dll
0x00007ffc39fb0000 - 0x00007ffc39fc0000 	C:\Program Files\STMicroelectronics\STM32Cube\STM32CubeMX\jre\bin\net.dll
0x00007ffc6f740000 - 0x00007ffc6f869000 	C:\WINDOWS\SYSTEM32\WINHTTP.dll
0x00007ffc7c8d0000 - 0x00007ffc7c93c000 	C:\WINDOWS\system32\mswsock.dll
0x00007ffbc7a40000 - 0x00007ffbc7a56000 	C:\Program Files\STMicroelectronics\STM32Cube\STM32CubeMX\jre\bin\nio.dll
0x00007ffbc7a20000 - 0x00007ffbc7a38000 	C:\Program Files\STMicroelectronics\STM32Cube\STM32CubeMX\jre\bin\zip.dll
0x00007ffc397c0000 - 0x00007ffc397ca000 	C:\Program Files\STMicroelectronics\STM32Cube\STM32CubeMX\jre\bin\management.dll
0x00007ffc38230000 - 0x00007ffc3823c000 	C:\Program Files\STMicroelectronics\STM32Cube\STM32CubeMX\jre\bin\management_ext.dll
0x00007ffc80670000 - 0x00007ffc80678000 	C:\WINDOWS\System32\PSAPI.DLL
0x00007ffc48880000 - 0x00007ffc48898000 	C:\WINDOWS\system32\napinsp.dll
0x00007ffc7be60000 - 0x00007ffc7bf92000 	C:\WINDOWS\SYSTEM32\DNSAPI.dll
0x00007ffc7bdc0000 - 0x00007ffc7bdf2000 	C:\WINDOWS\SYSTEM32\IPHLPAPI.DLL
0x00007ffc80560000 - 0x00007ffc8056a000 	C:\WINDOWS\System32\NSI.dll
0x00007ffc48860000 - 0x00007ffc48873000 	C:\WINDOWS\System32\winrnr.dll
0x00007ffc48830000 - 0x00007ffc48852000 	C:\WINDOWS\system32\nlansp_c.dll
0x00007ffc48810000 - 0x00007ffc48826000 	C:\WINDOWS\system32\wshbth.dll
0x0000000064a20000 - 0x0000000064a2b000 	C:\Program Files\National Instruments\Shared\mDNS Responder\nimdnsNSP.dll
0x0000000064a00000 - 0x0000000064a11000 	C:\WINDOWS\SYSTEM32\nimdnsResponder.dll
0x00007ffc6fc20000 - 0x00007ffc6fc2b000 	C:\Windows\System32\rasadhlp.dll
0x00007ffc76ff0000 - 0x00007ffc77076000 	C:\WINDOWS\System32\fwpuclnt.dll
0x00007ffbc34a0000 - 0x00007ffbc362f000 	C:\Program Files\STMicroelectronics\STM32Cube\STM32CubeMX\jre\bin\awt.dll
0x00007ffc7cbb0000 - 0x00007ffc7cbcb000 	C:\WINDOWS\SYSTEM32\CRYPTSP.dll
0x00007ffc7c2c0000 - 0x00007ffc7c2f9000 	C:\WINDOWS\system32\rsaenh.dll
0x00007ffc7c980000 - 0x00007ffc7c9b3000 	C:\WINDOWS\SYSTEM32\USERENV.dll
0x00007ffc7d4c0000 - 0x00007ffc7d4ea000 	C:\WINDOWS\SYSTEM32\bcrypt.dll
0x00007ffc7cbd0000 - 0x00007ffc7cbdc000 	C:\WINDOWS\SYSTEM32\CRYPTBASE.dll
0x00007ffc7ac00000 - 0x00007ffc7acaa000 	C:\WINDOWS\system32\uxtheme.dll
0x00007ffc7f950000 - 0x00007ffc7faac000 	C:\WINDOWS\System32\MSCTF.dll
0x00007ffc7f7a0000 - 0x00007ffc7f937000 	C:\WINDOWS\System32\ole32.dll
0x00007ffc7aec0000 - 0x00007ffc7aeef000 	C:\WINDOWS\system32\DWMAPI.DLL
0x00007ffc42920000 - 0x00007ffc42a2f000 	C:\WINDOWS\system32\opengl32.dll
0x00007ffc428b0000 - 0x00007ffc428dd000 	C:\WINDOWS\SYSTEM32\GLU32.dll
0x00007ffc7ae50000 - 0x00007ffc7ae95000 	C:\WINDOWS\SYSTEM32\dxcore.dll
0x00007ffbc2b30000 - 0x00007ffbc2bb7000 	C:\Program Files\STMicroelectronics\STM32Cube\STM32CubeMX\jre\bin\freetype.dll
0x00007ffbc2a30000 - 0x00007ffbc2b22000 	C:\Program Files\STMicroelectronics\STM32Cube\STM32CubeMX\jre\bin\fontmanager.dll
0x00007ffc250c0000 - 0x00007ffc250d0000 	C:\Program Files\STMicroelectronics\STM32Cube\STM32CubeMX\jre\bin\verify.dll
0x00007ffc24f90000 - 0x00007ffc24f99000 	C:\Program Files\STMicroelectronics\STM32Cube\STM32CubeMX\jre\bin\prefs.dll
0x00007ffbc2620000 - 0x00007ffbc2661000 	C:\Users\William\AppData\Local\Temp\jna--1282435805\jna12334944008693942672.dll
0x00007ffbfd950000 - 0x00007ffbfd95e000 	C:\Program Files\STMicroelectronics\STM32Cube\STM32CubeMX\jre\bin\sunmscapi.dll
0x00007ffc7dea0000 - 0x00007ffc7e018000 	C:\WINDOWS\System32\CRYPT32.dll
0x00007ffc7cdd0000 - 0x00007ffc7ce00000 	C:\WINDOWS\SYSTEM32\ncrypt.dll
0x00007ffc7cd80000 - 0x00007ffc7cdbf000 	C:\WINDOWS\SYSTEM32\NTASN1.dll
0x00007ffc7cce0000 - 0x00007ffc7ccf3000 	C:\WINDOWS\SYSTEM32\MSASN1.dll
0x00007ffc7c940000 - 0x00007ffc7c96f000 	C:\WINDOWS\SYSTEM32\gpapi.dll
0x00007ffbf8340000 - 0x00007ffbf8349000 	C:\Program Files\STMicroelectronics\STM32Cube\STM32CubeMX\jre\bin\extnet.dll
0x00007ffb94850000 - 0x00007ffb9487f000 	C:\Program Files\STMicroelectronics\STM32Cube\STM32CubeMX\jre\bin\javajpeg.dll
0x00007ffc80370000 - 0x00007ffc8041e000 	C:\WINDOWS\System32\clbcatq.dll
0x00007ffc78d80000 - 0x00007ffc78fad000 	C:\WINDOWS\SYSTEM32\WindowsCodecs.dll
0x00007ffc2c6f0000 - 0x00007ffc2c74a000 	C:\WINDOWS\system32\dataexchange.dll
0x00007ffc6d3a0000 - 0x00007ffc6d5ee000 	C:\WINDOWS\system32\twinapi.appcore.dll
0x00007ffc34690000 - 0x00007ffc347d6000 	C:\WINDOWS\SYSTEM32\textinputframework.dll
0x00007ffb93350000 - 0x00007ffb93476000 	C:\Users\William\.stm32cubemx\.jxbrowser-8.15.0\Chromium\toolkit64.dll
0x00007ffb920b0000 - 0x00007ffb921ce000 	C:\Users\William\.stm32cubemx\.jxbrowser-8.15.0\Chromium\ipc64.dll
0x00007ffb8dc80000 - 0x00007ffb8dd7a000 	C:\Users\William\AppData\Local\Temp\sqlite-3.49.1.0-0b113774-65e1-48ff-bf79-3f9795b20644-sqlitejdbc.dll
0x00007ffc7a6f0000 - 0x00007ffc7a817000 	C:\WINDOWS\SYSTEM32\CoreMessaging.dll
0x00007ffc77a30000 - 0x00007ffc77d12000 	C:\WINDOWS\SYSTEM32\CoreUIComponents.dll
0x00007ffc77800000 - 0x00007ffc7796a000 	C:\WINDOWS\SYSTEM32\wintypes.dll
0x00007ffc7c480000 - 0x00007ffc7c4b6000 	C:\WINDOWS\SYSTEM32\ntmarta.dll
0x00007ffc4f750000 - 0x00007ffc4f757000 	C:\Program Files\STMicroelectronics\STM32Cube\STM32CubeMX\jre\bin\rmi.dll

JVMTI agents: none

dbghelp: loaded successfully - version: 4.0.5 - missing functions: none
symbol engine: initialized successfully - sym options: 0x614 - pdb path: .;C:\Program Files\STMicroelectronics\STM32Cube\STM32CubeMX\jre\bin;C:\WINDOWS\SYSTEM32;C:\WINDOWS\WinSxS\amd64_microsoft.windows.common-controls_6595b64144ccf1df_6.0.26100.8457_none_3e0b2faee331e92d;C:\Program Files\STMicroelectronics\STM32Cube\STM32CubeMX\jre\bin\server;C:\Program Files\National Instruments\Shared\mDNS Responder;C:\Users\William\AppData\Local\Temp\jna--1282435805;C:\Users\William\.stm32cubemx\.jxbrowser-8.15.0\Chromium;C:\Users\William\AppData\Local\Temp

VM Arguments:
jvm_args: -Djavax.net.ssl.trustStoreType=WINDOWS-ROOT -Dsun.java2d.d3d=false --add-exports=java.desktop/sun.awt=ALL-UNNAMED --add-opens=java.desktop/java.awt=ALL-UNNAMED -Dfile.encoding=UTF8 
java_command: com.st.microxplorer.maingui.STM32CubeMX C:\Users\William\Downloads\VCUSTM32\VCUCube\VCUCube.ioc
java_class_path (initial): C:\Program Files\STMicroelectronics\STM32Cube\STM32CubeMX\STM32CubeMX.exe;anything
Launcher Type: SUN_STANDARD

[Global flags]
     intx CICompilerCount                          = 4                                         {product} {ergonomic}
     uint ConcGCThreads                            = 2                                         {product} {ergonomic}
     uint G1ConcRefinementThreads                  = 8                                         {product} {ergonomic}
   size_t G1HeapRegionSize                         = 2097152                                   {product} {ergonomic}
    uintx GCDrainStackTargetSize                   = 64                                        {product} {ergonomic}
   size_t InitialHeapSize                          = 266338304                                 {product} {ergonomic}
   size_t MarkStackSize                            = 4194304                                   {product} {ergonomic}
   size_t MaxHeapSize                              = 4242538496                                {product} {ergonomic}
   size_t MaxNewSize                               = 2543845376                                {product} {ergonomic}
   size_t MinHeapDeltaBytes                        = 2097152                                   {product} {ergonomic}
   size_t MinHeapSize                              = 8388608                                   {product} {ergonomic}
    uintx NonNMethodCodeHeapSize                   = 5839372                                {pd product} {ergonomic}
    uintx NonProfiledCodeHeapSize                  = 122909434                              {pd product} {ergonomic}
    uintx ProfiledCodeHeapSize                     = 122909434                              {pd product} {ergonomic}
    uintx ReservedCodeCacheSize                    = 251658240                              {pd product} {ergonomic}
     bool SegmentedCodeCache                       = true                                      {product} {ergonomic}
   size_t SoftMaxHeapSize                          = 4242538496                             {manageable} {ergonomic}
     bool UseCompressedOops                        = true                           {product lp64_product} {ergonomic}
     bool UseG1GC                                  = true                                      {product} {ergonomic}
     bool UseLargePagesIndividualAllocation        = false                                  {pd product} {ergonomic}

Logging:
Log output configuration:
 #0: stdout all=warning uptime,level,tags foldmultilines=false
 #1: stderr all=off uptime,level,tags foldmultilines=false

Release file:
JAVA_VERSION="21.0.9" 
MODULES="java.base java.compiler java.datatransfer java.xml java.prefs java.desktop java.instrument java.logging java.management java.security.sasl java.naming java.rmi java.management.rmi java.net.http java.scripting java.security.jgss java.transaction.xa java.sql java.sql.rowset java.xml.crypto java.se java.smartcardio jdk.jfr javafx.base jdk.unsupported javafx.graphics javafx.controls javafx.fxml javafx.media jdk.unsupported.desktop javafx.swing jdk.jsobject jdk.xml.dom javafx.web jdk.accessibility jdk.internal.jvmstat jdk.attach jdk.charsets jdk.internal.opt jdk.zipfs jdk.compiler jdk.crypto.ec jdk.crypto.cryptoki jdk.crypto.mscapi jdk.dynalink jdk.internal.ed jdk.editpad jdk.httpserver jdk.incubator.vector jdk.internal.le jdk.internal.vm.ci jdk.internal.vm.compiler jdk.internal.vm.compiler.management jdk.jartool jdk.javadoc jdk.jdeps jdk.jdwp.agent jdk.jdi jdk.jlink jdk.jpackage jdk.jshell jdk.jstatd jdk.localedata jdk.management jdk.management.agent jdk.management.jfr jdk.naming.dns jdk.naming.rmi jdk.net jdk.nio.mapmode jdk.random jdk.sctp jdk.security.auth jdk.security.jgss" 

Environment Variables:
PATH=C:\Program Files\STMicroelectronics\STM32Cube\STM32CubeMX\;C:\Program Files (x86)\Common Files\Oracle\Java\javapath;C:\WINDOWS\system32;C:\WINDOWS;C:\WINDOWS\System32\Wbem;C:\WINDOWS\System32\WindowsPowerShell\v1.0\;C:\WINDOWS\System32\OpenSSH\;C:\Program Files\MATLAB\R2022b\runtime\win64;C:\Program Files\MATLAB\R2022b\bin;C:\Program Files (x86)\Windows Kits\10\Windows Performance Toolkit\;C:\Program Files\dotnet\;C:\Program Files\MATLAB\R2018b\bin;C:\Program Files\MATLAB\R2024b\bin;C:\Program Files (x86)\Vector CANdb++ 3.1\Exec32;C:\Program Files\Vector SIL Kit 5.0.1\x86\bin;C:\Program Files\Vector SIL Kit 5.0.1\x86_64\bin;C:\Users\William\AppData\Local\Microsoft\WindowsApps;C:\msys64\ucrt64\bin;C:\Users\William\AppData\Local\Programs\Microsoft VS Code\bin;C:\Users\William\AppData\Local\GitHubDesktop\bin;C:\Program Files\Vector Informatik GmbH\VIO System Configuration Tool\;C:\Program Files\STMicroelectronics\STM32Cube\STM32CubeMX\.\jre\\bin
USERNAME=William
OS=Windows_NT
PROCESSOR_IDENTIFIER=Intel64 Family 6 Model 140 Stepping 1, GenuineIntel
TMP=C:\Users\William\AppData\Local\Temp
TEMP=C:\Users\William\AppData\Local\Temp




Periodic native trim disabled

---------------  S Y S T E M  ---------------

OS:
 Windows 11 , 64 bit Build 26100 (10.0.26100.8328)
OS uptime: 0 days 19:30 hours

CPU: total 8 (initial active 8) (4 cores per cpu, 2 threads per core) family 6 model 140 stepping 1 microcode 0x8a, cx8, cmov, fxsr, ht, mmx, 3dnowpref, sse, sse2, sse3, ssse3, sse4.1, sse4.2, popcnt, lzcnt, tsc, tscinvbit, avx, avx2, aes, erms, clmul, bmi1, bmi2, adx, avx512f, avx512dq, avx512cd, avx512bw, avx512vl, sha, fma, vzeroupper, avx512_vpopcntdq, avx512_vpclmulqdq, avx512_vaes, avx512_vnni, clflush, clflushopt, clwb, avx512_vbmi2, avx512_vbmi, rdtscp, rdpid, fsrm, gfni, avx512_bitalg, f16c, pku, cet_ibt, cet_ss, avx512_ifma
Processor Information for the first 8 processors :
  Max Mhz: 2419, Current Mhz: 2419, Mhz Limit: 2419

Memory: 4k page, system-wide physical 16183M (1857M free)
TotalPageFile size 23239M (AvailPageFile size 304M)
current process WorkingSet (physical memory assigned to process): 591M, peak: 764M
current process commit charge ("private bytes"): 991M, peak: 1453M

vm_info: OpenJDK 64-Bit Server VM (21.0.9+10-LTS) for windows-amd64 JRE (21.0.9+10-LTS), built on 2025-10-21T00:00:00Z by "admin" with unknown MS VC++:1942

END.
