#
# There is insufficient memory for the Java Runtime Environment to continue.
# Native memory allocation (mmap) failed to map 318767104 bytes. Error detail: G1 virtual space
# Possible reasons:
#   The system is out of physical RAM or swap space
#   This process is running with CompressedOops enabled, and the Java Heap may be blocking the growth of the native heap
# Possible solutions:
#   Reduce memory load on the system
#   Increase physical memory or swap space
#   Check if swap backing store is full
#   Decrease Java heap size (-Xmx/-Xms)
#   Decrease number of Java threads
#   Decrease Java thread stack sizes (-Xss)
#   Set larger code cache with -XX:ReservedCodeCacheSize=
#   JVM is running with Zero Based Compressed Oops mode in which the Java heap is
#     placed in the first 32GB address space. The Java Heap base address is the
#     maximum limit for the native heap growth. Please use -XX:HeapBaseMinAddress
#     to set the Java Heap base and to place the Java Heap above 32GB virtual address.
# This output file may be truncated or incomplete.
#
#  Out of Memory Error (os_windows.cpp:3713), pid=21620, tid=24252
#
# JRE version: OpenJDK Runtime Environment Temurin-21.0.9+10 (21.0.9+10) (build 21.0.9+10-LTS)
# Java VM: OpenJDK 64-Bit Server VM Temurin-21.0.9+10 (21.0.9+10-LTS, mixed mode, tiered, compressed oops, compressed class ptrs, g1 gc, windows-amd64)
# No core dump will be written. Minidumps are not enabled by default on client versions of Windows
#

---------------  S U M M A R Y ------------

Command Line: -Djavax.net.ssl.trustStoreType=WINDOWS-ROOT -Dsun.java2d.d3d=false --add-exports=java.desktop/sun.awt=ALL-UNNAMED --add-opens=java.desktop/java.awt=ALL-UNNAMED -Dfile.encoding=UTF8 com.st.microxplorer.maingui.STM32CubeMX C:\Users\William\Downloads\VCUSTM32\VCUCube\VCUCube.ioc

Host: 11th Gen Intel(R) Core(TM) i5-1135G7 @ 2.40GHz, 8 cores, 15G,  Windows 11 , 64 bit Build 26100 (10.0.26100.8328)
Time: Mon Jun  8 17:54:05 2026 GMT Daylight Time elapsed time: 9.524132 seconds (0d 0h 0m 9s)

---------------  T H R E A D  ---------------

Current thread (0x000001907de28d60):  VMThread "VM Thread"          [id=24252, stack(0x0000004218200000,0x0000004218300000) (1024K)]

Stack: [0x0000004218200000,0x0000004218300000]
Native frames: (J=compiled Java code, j=interpreted, Vv=VM code, C=native code)
V  [jvm.dll+0x6d6e29]
V  [jvm.dll+0x8b4b76]
V  [jvm.dll+0x8b712e]
V  [jvm.dll+0x8b7813]
V  [jvm.dll+0x283d86]
V  [jvm.dll+0x6d3745]
V  [jvm.dll+0x6c747a]
V  [jvm.dll+0x35e7e8]
V  [jvm.dll+0x366426]
V  [jvm.dll+0x3b73fe]
V  [jvm.dll+0x3b76a8]
V  [jvm.dll+0x3329ec]
V  [jvm.dll+0x332a77]
V  [jvm.dll+0x37684c]
V  [jvm.dll+0x374fee]
V  [jvm.dll+0x332131]
V  [jvm.dll+0x37465a]
V  [jvm.dll+0x8bd500]
V  [jvm.dll+0x8be8a4]
V  [jvm.dll+0x8bede0]
V  [jvm.dll+0x8bf083]
V  [jvm.dll+0x85e9ad]
V  [jvm.dll+0x6d565d]
C  [ucrtbase.dll+0x37b0]
C  [KERNEL32.DLL+0x2e957]
C  [ntdll.dll+0x427c]

VM_Operation (0x0000004219efe620): G1CollectForAllocation, mode: safepoint, requested by thread 0x0000019006ec0e40


---------------  P R O C E S S  ---------------

Threads class SMR info:
_java_thread_list=0x00000190063d9340, length=34, elements={
0x000001907e545910, 0x000001907e546060, 0x000001907e5937d0, 0x000001907e593f20,
0x000001907e59c590, 0x000001907e589480, 0x000001907e59f4e0, 0x000001907e5a0f90,
0x000001907e74fd30, 0x000001907e7507a0, 0x000001907efd84b0, 0x000001900415ef40,
0x0000019004431ce0, 0x00000190040335e0, 0x000001905c18aa10, 0x0000019005391310,
0x0000019006974d80, 0x00000190069746f0, 0x00000190069774e0, 0x0000019006976130,
0x00000190069767c0, 0x0000019006975410, 0x000001907f01d120, 0x000001900538f8d0,
0x000001900538de90, 0x00000190053905f0, 0x000001900538e520, 0x0000019006ec3c30,
0x0000019006ec35a0, 0x0000019005ba9380, 0x0000019006ec2f10, 0x0000019006ec5670,
0x0000019006ec5d00, 0x0000019006ec0e40
}

Java Threads: ( => current thread )
  0x000001907e545910 JavaThread "Reference Handler"          daemon [_thread_blocked, id=26452, stack(0x0000004218300000,0x0000004218400000) (1024K)]
  0x000001907e546060 JavaThread "Finalizer"                  daemon [_thread_blocked, id=5812, stack(0x0000004218400000,0x0000004218500000) (1024K)]
  0x000001907e5937d0 JavaThread "Signal Dispatcher"          daemon [_thread_blocked, id=17680, stack(0x0000004218500000,0x0000004218600000) (1024K)]
  0x000001907e593f20 JavaThread "Attach Listener"            daemon [_thread_blocked, id=18156, stack(0x0000004218600000,0x0000004218700000) (1024K)]
  0x000001907e59c590 JavaThread "Service Thread"             daemon [_thread_blocked, id=12328, stack(0x0000004218700000,0x0000004218800000) (1024K)]
  0x000001907e589480 JavaThread "Monitor Deflation Thread"   daemon [_thread_blocked, id=21184, stack(0x0000004218800000,0x0000004218900000) (1024K)]
  0x000001907e59f4e0 JavaThread "C2 CompilerThread0"         daemon [_thread_blocked, id=5884, stack(0x0000004218900000,0x0000004218a00000) (1024K)]
  0x000001907e5a0f90 JavaThread "C1 CompilerThread0"         daemon [_thread_blocked, id=28740, stack(0x0000004218a00000,0x0000004218b00000) (1024K)]
  0x000001907e74fd30 JavaThread "Notification Thread"        daemon [_thread_blocked, id=19296, stack(0x0000004218b00000,0x0000004218c00000) (1024K)]
  0x000001907e7507a0 JavaThread "Common-Cleaner"             daemon [_thread_blocked, id=24992, stack(0x0000004218c00000,0x0000004218d00000) (1024K)]
  0x000001907efd84b0 JavaThread "Java2D Disposer"            daemon [_thread_blocked, id=17164, stack(0x0000004219700000,0x0000004219800000) (1024K)]
  0x000001900415ef40 JavaThread "AWT-Shutdown"                      [_thread_blocked, id=25216, stack(0x0000004219800000,0x0000004219900000) (1024K)]
  0x0000019004431ce0 JavaThread "AWT-Windows"                daemon [_thread_blocked, id=26888, stack(0x0000004219900000,0x0000004219a00000) (1024K)]
  0x00000190040335e0 JavaThread "AWT-EventQueue-0"                  [_thread_blocked, id=22380, stack(0x0000004219a00000,0x0000004219b00000) (1024K)]
  0x000001905c18aa10 JavaThread "DestroyJavaVM"                     [_thread_blocked, id=17832, stack(0x0000004217b00000,0x0000004217c00000) (1024K)]
  0x0000019005391310 JavaThread "TimerQueue"                 daemon [_thread_blocked, id=19996, stack(0x0000004219f00000,0x000000421a000000) (1024K)]
  0x0000019006974d80 JavaThread "IPC Server Thread"          daemon [_thread_in_native, id=23124, stack(0x000000421a000000,0x000000421a100000) (1024K)]
  0x00000190069746f0 JavaThread "Chromium Process Thread"           [_thread_in_native, id=28284, stack(0x000000421a700000,0x000000421a800000) (1024K)]
  0x00000190069774e0 JavaThread "Chromium Process Logger"    daemon [_thread_in_native, id=10032, stack(0x000000421a800000,0x000000421a900000) (1024K)]
  0x0000019006976130 JavaThread "IPC Memory Reader Thread"          [_thread_in_native, id=6680, stack(0x000000421aa00000,0x000000421ab00000) (1024K)]
  0x00000190069767c0 JavaThread "Browser Thread: 63ffa560-6948-42d7-b8d0-cd51d28d8bcb" daemon [_thread_blocked, id=7320, stack(0x000000421ab00000,0x000000421ac00000) (1024K)]
  0x0000019006975410 JavaThread "Socket Connection Checker: 63ffa560-6948-42d7-b8d0-cd51d28d8bcb"        [_thread_in_native, id=27456, stack(0x0000004218d00000,0x0000004218e00000) (1024K)]
  0x000001907f01d120 JavaThread "C2 CompilerThread1"         daemon [_thread_blocked, id=7288, stack(0x0000004218e00000,0x0000004218f00000) (1024K)]
  0x000001900538f8d0 JavaThread "Network Thread: 8a90d427-82af-4ee9-a7c8-7895ff58d509" daemon [_thread_blocked, id=22676, stack(0x000000421ad00000,0x000000421ae00000) (1024K)]
  0x000001900538de90 JavaThread "IPC Memory Reader Thread"          [_thread_in_native, id=5980, stack(0x000000421ac00000,0x000000421ad00000) (1024K)]
  0x00000190053905f0 JavaThread "Socket Connection Checker: 8a90d427-82af-4ee9-a7c8-7895ff58d509"        [_thread_in_native, id=22920, stack(0x000000421ae00000,0x000000421af00000) (1024K)]
  0x000001900538e520 JavaThread "GPU Thread: 0dc5e364-f013-404c-a0db-9e3e37bcde05" daemon [_thread_blocked, id=25560, stack(0x000000421b100000,0x000000421b200000) (1024K)]
  0x0000019006ec3c30 JavaThread "IPC Memory Reader Thread"          [_thread_in_native, id=16908, stack(0x000000421b000000,0x000000421b100000) (1024K)]
  0x0000019006ec35a0 JavaThread "Socket Connection Checker: 0dc5e364-f013-404c-a0db-9e3e37bcde05"        [_thread_in_native, id=20824, stack(0x000000421b200000,0x000000421b300000) (1024K)]
  0x0000019005ba9380 JavaThread "C2 CompilerThread2"         daemon [_thread_blocked, id=19156, stack(0x000000421b300000,0x000000421b400000) (1024K)]
  0x0000019006ec2f10 JavaThread "Render Thread: a5a04d80-13b3-417c-92ed-92979a23a34e" daemon [_thread_blocked, id=27440, stack(0x000000421b900000,0x000000421ba00000) (1024K)]
  0x0000019006ec5670 JavaThread "IPC Memory Reader Thread"          [_thread_in_native, id=19888, stack(0x000000421b800000,0x000000421b900000) (1024K)]
  0x0000019006ec5d00 JavaThread "Socket Connection Checker: a5a04d80-13b3-417c-92ed-92979a23a34e"        [_thread_in_native, id=1376, stack(0x000000421ba00000,0x000000421bb00000) (1024K)]
  0x0000019006ec0e40 JavaThread "SwingWorker-pool-4-thread-1" daemon [_thread_blocked, id=4644, stack(0x0000004219e00000,0x0000004219f00000) (1024K)]
Total: 34

Other Threads:
=>0x000001907de28d60 VMThread "VM Thread"                           [id=24252, stack(0x0000004218200000,0x0000004218300000) (1024K)]
  0x000001907de15a60 WatcherThread "VM Periodic Task Thread"        [id=19448, stack(0x0000004218100000,0x0000004218200000) (1024K)]
  0x000001905e57c2d0 WorkerThread "GC Thread#0"                     [id=11056, stack(0x0000004217c00000,0x0000004217d00000) (1024K)]
  0x000001907ed29bc0 WorkerThread "GC Thread#1"                     [id=8556, stack(0x0000004218f00000,0x0000004219000000) (1024K)]
  0x000001907ed29f60 WorkerThread "GC Thread#2"                     [id=22796, stack(0x0000004219000000,0x0000004219100000) (1024K)]
  0x000001907efd9490 WorkerThread "GC Thread#3"                     [id=29096, stack(0x0000004219100000,0x0000004219200000) (1024K)]
  0x000001907efd9830 WorkerThread "GC Thread#4"                     [id=19076, stack(0x0000004219200000,0x0000004219300000) (1024K)]
  0x0000019004052c20 WorkerThread "GC Thread#5"                     [id=12728, stack(0x0000004219300000,0x0000004219400000) (1024K)]
  0x0000019004173cb0 WorkerThread "GC Thread#6"                     [id=12032, stack(0x0000004219400000,0x0000004219500000) (1024K)]
  0x0000019004174460 WorkerThread "GC Thread#7"                     [id=5500, stack(0x0000004219500000,0x0000004219600000) (1024K)]
  0x000001905e58d290 ConcurrentGCThread "G1 Main Marker"            [id=5652, stack(0x0000004217d00000,0x0000004217e00000) (1024K)]
  0x000001905e58ff50 WorkerThread "G1 Conc#0"                       [id=29336, stack(0x0000004217e00000,0x0000004217f00000) (1024K)]
  0x000001907ee90f90 WorkerThread "G1 Conc#1"                       [id=18228, stack(0x0000004219600000,0x0000004219700000) (1024K)]
  0x000001905e5cea30 ConcurrentGCThread "G1 Refine#0"               [id=6256, stack(0x0000004217f00000,0x0000004218000000) (1024K)]
  0x000001907dceaee0 ConcurrentGCThread "G1 Service"                [id=1676, stack(0x0000004218000000,0x0000004218100000) (1024K)]
Total: 15

Threads with active compile tasks:
C2 CompilerThread0  9539 8971       4       java.util.Arrays$ArrayList::contains (14 bytes)
C2 CompilerThread1  9539 8839 %     4       com.st.microxplorer.mcu.IP::completeIPConfiguration @ 660 (1339 bytes)
C2 CompilerThread2  9539 8949       4       com.st.microxplorer.util.LogicalParser::rewriteCondition (516 bytes)
Total: 3

VM state: at safepoint (normal execution)

VM Mutex/Monitor currently owned by a thread:  ([mutex/lock_event])
[0x00007ffba15ed570] Threads_lock - owner thread: 0x000001907de28d60
[0x00007ffba15ed670] Heap_lock - owner thread: 0x0000019006ec0e40

Heap address: 0x0000000703200000, size: 4046 MB, Compressed Oops mode: Zero based, Oop shift amount: 3

CDS archive(s) not mapped
Compressed class space mapped at: 0x0000000800000000-0x0000000840000000, reserved size: 1073741824
Narrow klass base: 0x0000000800000000, Narrow klass shift: 0, Narrow klass range: 0x40000000

GC Precious Log:
 CardTable entry size: 512
 Card Set container configuration: InlinePtr #cards 4 size 8 Array Of Cards #cards 16 size 48 Howl #buckets 8 coarsen threshold 3686 Howl Bitmap #cards 512 size 80 coarsen threshold 460 Card regions per heap region 1 cards per card region 4096
 CPUs: 8 total, 8 available
 Memory: 16183M
 Large Page Support: Disabled
 NUMA Support: Disabled
 Compressed Oops: Enabled (Zero based)
 Heap Region Size: 2M
 Heap Min Capacity: 8M
 Heap Initial Capacity: 254M
 Heap Max Capacity: 4046M
 Pre-touch: Disabled
 Parallel Workers: 8
 Concurrent Workers: 2
 Concurrent Refinement Workers: 8
 Periodic GC: Disabled

Heap:
 garbage-first heap   total 794624K, used 135404K [0x0000000703200000, 0x0000000800000000)
  region size 2048K, 12 young (24576K), 12 survivors (24576K)
 Metaspace       used 86146K, committed 87168K, reserved 1179648K
  class space    used 9649K, committed 10112K, reserved 1048576K

Heap Regions: E=young(eden), S=young(survivor), O=old, HS=humongous(starts), HC=humongous(continues), CS=collection set, F=free, TAMS=top-at-mark-start, PB=parsable bottom
|   0|0x0000000703200000, 0x0000000703400000, 0x0000000703400000|100%|HS|  |TAMS 0x0000000703200000| PB 0x0000000703200000| Complete 
|   1|0x0000000703400000, 0x0000000703600000, 0x0000000703600000|100%|HC|  |TAMS 0x0000000703400000| PB 0x0000000703400000| Complete 
|   2|0x0000000703600000, 0x0000000703800000, 0x0000000703800000|100%|HC|  |TAMS 0x0000000703600000| PB 0x0000000703600000| Complete 
|   3|0x0000000703800000, 0x0000000703a00000, 0x0000000703a00000|100%|HC|  |TAMS 0x0000000703800000| PB 0x0000000703800000| Complete 
|   4|0x0000000703a00000, 0x0000000703c00000, 0x0000000703c00000|100%| O|  |TAMS 0x0000000703a00000| PB 0x0000000703a00000| Untracked 
|   5|0x0000000703c00000, 0x0000000703ddcd10, 0x0000000703e00000| 93%| O|  |TAMS 0x0000000703c00000| PB 0x0000000703c00000| Untracked 
|   6|0x0000000703e00000, 0x0000000704000000, 0x0000000704000000|100%| O|  |TAMS 0x0000000703e00000| PB 0x0000000703e00000| Untracked 
|   7|0x0000000704000000, 0x0000000704200000, 0x0000000704200000|100%| O|  |TAMS 0x0000000704000000| PB 0x0000000704000000| Untracked 
|   8|0x0000000704200000, 0x0000000704400000, 0x0000000704400000|100%| O|  |TAMS 0x0000000704200000| PB 0x0000000704200000| Untracked 
|   9|0x0000000704400000, 0x0000000704600000, 0x0000000704600000|100%| O|  |TAMS 0x0000000704400000| PB 0x0000000704400000| Untracked 
|  10|0x0000000704600000, 0x0000000704800000, 0x0000000704800000|100%| O|  |TAMS 0x0000000704600000| PB 0x0000000704600000| Untracked 
|  11|0x0000000704800000, 0x0000000704a00000, 0x0000000704a00000|100%| O|  |TAMS 0x0000000704800000| PB 0x0000000704800000| Untracked 
|  12|0x0000000704a00000, 0x0000000704c00000, 0x0000000704c00000|100%| O|  |TAMS 0x0000000704a00000| PB 0x0000000704a00000| Untracked 
|  13|0x0000000704c00000, 0x0000000704e00000, 0x0000000704e00000|100%| O|  |TAMS 0x0000000704c00000| PB 0x0000000704c00000| Untracked 
|  14|0x0000000704e00000, 0x0000000705000000, 0x0000000705000000|100%| O|  |TAMS 0x0000000704e00000| PB 0x0000000704e00000| Untracked 
|  15|0x0000000705000000, 0x0000000705200000, 0x0000000705200000|100%| O|  |TAMS 0x0000000705000000| PB 0x0000000705000000| Untracked 
|  16|0x0000000705200000, 0x0000000705400000, 0x0000000705400000|100%| O|  |TAMS 0x0000000705200000| PB 0x0000000705200000| Untracked 
|  17|0x0000000705400000, 0x0000000705600000, 0x0000000705600000|100%|HS|  |TAMS 0x0000000705400000| PB 0x0000000705400000| Complete 
|  18|0x0000000705600000, 0x0000000705800000, 0x0000000705800000|100%| O|  |TAMS 0x0000000705600000| PB 0x0000000705600000| Untracked 
|  19|0x0000000705800000, 0x0000000705a00000, 0x0000000705a00000|100%| O|  |TAMS 0x0000000705800000| PB 0x0000000705800000| Untracked 
|  20|0x0000000705a00000, 0x0000000705c00000, 0x0000000705c00000|100%| O|  |TAMS 0x0000000705a00000| PB 0x0000000705a00000| Untracked 
|  21|0x0000000705c00000, 0x0000000705e00000, 0x0000000705e00000|100%|HS|  |TAMS 0x0000000705c00000| PB 0x0000000705c00000| Complete 
|  22|0x0000000705e00000, 0x0000000706000000, 0x0000000706000000|100%|HS|  |TAMS 0x0000000705e00000| PB 0x0000000705e00000| Complete 
|  23|0x0000000706000000, 0x0000000706200000, 0x0000000706200000|100%|HC|  |TAMS 0x0000000706000000| PB 0x0000000706000000| Complete 
|  24|0x0000000706200000, 0x0000000706400000, 0x0000000706400000|100%| O|  |TAMS 0x0000000706200000| PB 0x0000000706200000| Untracked 
|  25|0x0000000706400000, 0x0000000706600000, 0x0000000706600000|100%|HS|  |TAMS 0x0000000706400000| PB 0x0000000706400000| Complete 
|  26|0x0000000706600000, 0x0000000706800000, 0x0000000706800000|100%|HC|  |TAMS 0x0000000706600000| PB 0x0000000706600000| Complete 
|  27|0x0000000706800000, 0x0000000706a00000, 0x0000000706a00000|100%|HS|  |TAMS 0x0000000706800000| PB 0x0000000706800000| Complete 
|  28|0x0000000706a00000, 0x0000000706c00000, 0x0000000706c00000|100%|HC|  |TAMS 0x0000000706a00000| PB 0x0000000706a00000| Complete 
|  29|0x0000000706c00000, 0x0000000706e00000, 0x0000000706e00000|100%|HS|  |TAMS 0x0000000706c00000| PB 0x0000000706c00000| Complete 
|  30|0x0000000706e00000, 0x0000000707000000, 0x0000000707000000|100%|HC|  |TAMS 0x0000000706e00000| PB 0x0000000706e00000| Complete 
|  31|0x0000000707000000, 0x0000000707200000, 0x0000000707200000|100%| O|  |TAMS 0x0000000707000000| PB 0x0000000707000000| Untracked 
|  32|0x0000000707200000, 0x0000000707400000, 0x0000000707400000|100%|HS|  |TAMS 0x0000000707200000| PB 0x0000000707200000| Complete 
|  33|0x0000000707400000, 0x0000000707600000, 0x0000000707600000|100%|HC|  |TAMS 0x0000000707400000| PB 0x0000000707400000| Complete 
|  34|0x0000000707600000, 0x0000000707800000, 0x0000000707800000|100%|HS|  |TAMS 0x0000000707600000| PB 0x0000000707600000| Complete 
|  35|0x0000000707800000, 0x0000000707a00000, 0x0000000707a00000|100%|HC|  |TAMS 0x0000000707800000| PB 0x0000000707800000| Complete 
|  36|0x0000000707a00000, 0x0000000707c00000, 0x0000000707c00000|100%|HS|  |TAMS 0x0000000707a00000| PB 0x0000000707a00000| Complete 
|  37|0x0000000707c00000, 0x0000000707e00000, 0x0000000707e00000|100%|HC|  |TAMS 0x0000000707c00000| PB 0x0000000707c00000| Complete 
|  38|0x0000000707e00000, 0x0000000708000000, 0x0000000708000000|100%|HS|  |TAMS 0x0000000707e00000| PB 0x0000000707e00000| Complete 
|  39|0x0000000708000000, 0x0000000708200000, 0x0000000708200000|100%|HC|  |TAMS 0x0000000708000000| PB 0x0000000708000000| Complete 
|  40|0x0000000708200000, 0x0000000708400000, 0x0000000708400000|100%|HS|  |TAMS 0x0000000708200000| PB 0x0000000708200000| Complete 
|  41|0x0000000708400000, 0x0000000708600000, 0x0000000708600000|100%|HC|  |TAMS 0x0000000708400000| PB 0x0000000708400000| Complete 
|  42|0x0000000708600000, 0x0000000708800000, 0x0000000708800000|100%|HS|  |TAMS 0x0000000708600000| PB 0x0000000708600000| Complete 
|  43|0x0000000708800000, 0x0000000708a00000, 0x0000000708a00000|100%|HC|  |TAMS 0x0000000708800000| PB 0x0000000708800000| Complete 
|  44|0x0000000708a00000, 0x0000000708c00000, 0x0000000708c00000|100%| O|  |TAMS 0x0000000708a00000| PB 0x0000000708a00000| Untracked 
|  45|0x0000000708c00000, 0x0000000708e00000, 0x0000000708e00000|100%|HS|  |TAMS 0x0000000708c00000| PB 0x0000000708c00000| Complete 
|  46|0x0000000708e00000, 0x0000000709000000, 0x0000000709000000|100%|HC|  |TAMS 0x0000000708e00000| PB 0x0000000708e00000| Complete 
|  47|0x0000000709000000, 0x0000000709200000, 0x0000000709200000|100%|HC|  |TAMS 0x0000000709000000| PB 0x0000000709000000| Complete 
|  48|0x0000000709200000, 0x0000000709400000, 0x0000000709400000|100%| O|  |TAMS 0x0000000709200000| PB 0x0000000709200000| Untracked 
|  49|0x0000000709400000, 0x0000000709600000, 0x0000000709600000|100%| O|  |TAMS 0x0000000709400000| PB 0x0000000709400000| Untracked 
|  50|0x0000000709600000, 0x0000000709800000, 0x0000000709800000|100%| O|  |TAMS 0x0000000709600000| PB 0x0000000709600000| Untracked 
|  51|0x0000000709800000, 0x0000000709a00000, 0x0000000709a00000|100%| O|  |TAMS 0x0000000709800000| PB 0x0000000709800000| Untracked 
|  52|0x0000000709a00000, 0x0000000709c00000, 0x0000000709c00000|100%| O|  |TAMS 0x0000000709a00000| PB 0x0000000709a00000| Untracked 
|  53|0x0000000709c00000, 0x0000000709d957a0, 0x0000000709e00000| 79%| O|  |TAMS 0x0000000709c00000| PB 0x0000000709c00000| Untracked 
|  54|0x0000000709e00000, 0x0000000709e00000, 0x000000070a000000|  0%| F|  |TAMS 0x0000000709e00000| PB 0x0000000709e00000| Untracked 
|  55|0x000000070a000000, 0x000000070a000000, 0x000000070a200000|  0%| F|  |TAMS 0x000000070a000000| PB 0x000000070a000000| Untracked 
|  56|0x000000070a200000, 0x000000070a200000, 0x000000070a400000|  0%| F|  |TAMS 0x000000070a200000| PB 0x000000070a200000| Untracked 
|  57|0x000000070a400000, 0x000000070a400000, 0x000000070a600000|  0%| F|  |TAMS 0x000000070a400000| PB 0x000000070a400000| Untracked 
|  58|0x000000070a600000, 0x000000070a600000, 0x000000070a800000|  0%| F|  |TAMS 0x000000070a600000| PB 0x000000070a600000| Untracked 
|  59|0x000000070a800000, 0x000000070a800000, 0x000000070aa00000|  0%| F|  |TAMS 0x000000070a800000| PB 0x000000070a800000| Untracked 
|  60|0x000000070aa00000, 0x000000070aa00000, 0x000000070ac00000|  0%| F|  |TAMS 0x000000070aa00000| PB 0x000000070aa00000| Untracked 
|  61|0x000000070ac00000, 0x000000070ac00000, 0x000000070ae00000|  0%| F|  |TAMS 0x000000070ac00000| PB 0x000000070ac00000| Untracked 
|  62|0x000000070ae00000, 0x000000070ae00000, 0x000000070b000000|  0%| F|  |TAMS 0x000000070ae00000| PB 0x000000070ae00000| Untracked 
|  63|0x000000070b000000, 0x000000070b000000, 0x000000070b200000|  0%| F|  |TAMS 0x000000070b000000| PB 0x000000070b000000| Untracked 
|  64|0x000000070b200000, 0x000000070b200000, 0x000000070b400000|  0%| F|  |TAMS 0x000000070b200000| PB 0x000000070b200000| Untracked 
|  65|0x000000070b400000, 0x000000070b400000, 0x000000070b600000|  0%| F|  |TAMS 0x000000070b400000| PB 0x000000070b400000| Untracked 
|  66|0x000000070b600000, 0x000000070b600000, 0x000000070b800000|  0%| F|  |TAMS 0x000000070b600000| PB 0x000000070b600000| Untracked 
|  67|0x000000070b800000, 0x000000070b800000, 0x000000070ba00000|  0%| F|  |TAMS 0x000000070b800000| PB 0x000000070b800000| Untracked 
|  68|0x000000070ba00000, 0x000000070ba00000, 0x000000070bc00000|  0%| F|  |TAMS 0x000000070ba00000| PB 0x000000070ba00000| Untracked 
|  69|0x000000070bc00000, 0x000000070bc00000, 0x000000070be00000|  0%| F|  |TAMS 0x000000070bc00000| PB 0x000000070bc00000| Untracked 
|  70|0x000000070be00000, 0x000000070be00000, 0x000000070c000000|  0%| F|  |TAMS 0x000000070be00000| PB 0x000000070be00000| Untracked 
|  71|0x000000070c000000, 0x000000070c000000, 0x000000070c200000|  0%| F|  |TAMS 0x000000070c000000| PB 0x000000070c000000| Untracked 
|  72|0x000000070c200000, 0x000000070c200000, 0x000000070c400000|  0%| F|  |TAMS 0x000000070c200000| PB 0x000000070c200000| Untracked 
|  73|0x000000070c400000, 0x000000070c400000, 0x000000070c600000|  0%| F|  |TAMS 0x000000070c400000| PB 0x000000070c400000| Untracked 
|  74|0x000000070c600000, 0x000000070c600000, 0x000000070c800000|  0%| F|  |TAMS 0x000000070c600000| PB 0x000000070c600000| Untracked 
|  75|0x000000070c800000, 0x000000070c800000, 0x000000070ca00000|  0%| F|  |TAMS 0x000000070c800000| PB 0x000000070c800000| Untracked 
|  76|0x000000070ca00000, 0x000000070ca00000, 0x000000070cc00000|  0%| F|  |TAMS 0x000000070ca00000| PB 0x000000070ca00000| Untracked 
|  77|0x000000070cc00000, 0x000000070cc00000, 0x000000070ce00000|  0%| F|  |TAMS 0x000000070cc00000| PB 0x000000070cc00000| Untracked 
|  78|0x000000070ce00000, 0x000000070ce00000, 0x000000070d000000|  0%| F|  |TAMS 0x000000070ce00000| PB 0x000000070ce00000| Untracked 
|  79|0x000000070d000000, 0x000000070d000000, 0x000000070d200000|  0%| F|  |TAMS 0x000000070d000000| PB 0x000000070d000000| Untracked 
|  80|0x000000070d200000, 0x000000070d200000, 0x000000070d400000|  0%| F|  |TAMS 0x000000070d200000| PB 0x000000070d200000| Untracked 
|  81|0x000000070d400000, 0x000000070d400000, 0x000000070d600000|  0%| F|  |TAMS 0x000000070d400000| PB 0x000000070d400000| Untracked 
|  82|0x000000070d600000, 0x000000070d600000, 0x000000070d800000|  0%| F|  |TAMS 0x000000070d600000| PB 0x000000070d600000| Untracked 
|  83|0x000000070d800000, 0x000000070d800000, 0x000000070da00000|  0%| F|  |TAMS 0x000000070d800000| PB 0x000000070d800000| Untracked 
|  84|0x000000070da00000, 0x000000070da00000, 0x000000070dc00000|  0%| F|  |TAMS 0x000000070da00000| PB 0x000000070da00000| Untracked 
|  85|0x000000070dc00000, 0x000000070dc00000, 0x000000070de00000|  0%| F|  |TAMS 0x000000070dc00000| PB 0x000000070dc00000| Untracked 
|  86|0x000000070de00000, 0x000000070de00000, 0x000000070e000000|  0%| F|  |TAMS 0x000000070de00000| PB 0x000000070de00000| Untracked 
|  87|0x000000070e000000, 0x000000070e000000, 0x000000070e200000|  0%| F|  |TAMS 0x000000070e000000| PB 0x000000070e000000| Untracked 
|  88|0x000000070e200000, 0x000000070e200000, 0x000000070e400000|  0%| F|  |TAMS 0x000000070e200000| PB 0x000000070e200000| Untracked 
|  89|0x000000070e400000, 0x000000070e400000, 0x000000070e600000|  0%| F|  |TAMS 0x000000070e400000| PB 0x000000070e400000| Untracked 
|  90|0x000000070e600000, 0x000000070e600000, 0x000000070e800000|  0%| F|  |TAMS 0x000000070e600000| PB 0x000000070e600000| Untracked 
|  91|0x000000070e800000, 0x000000070e800000, 0x000000070ea00000|  0%| F|  |TAMS 0x000000070e800000| PB 0x000000070e800000| Untracked 
|  92|0x000000070ea00000, 0x000000070ea00000, 0x000000070ec00000|  0%| F|  |TAMS 0x000000070ea00000| PB 0x000000070ea00000| Untracked 
|  93|0x000000070ec00000, 0x000000070ec00000, 0x000000070ee00000|  0%| F|  |TAMS 0x000000070ec00000| PB 0x000000070ec00000| Untracked 
|  94|0x000000070ee00000, 0x000000070ee00000, 0x000000070f000000|  0%| F|  |TAMS 0x000000070ee00000| PB 0x000000070ee00000| Untracked 
|  95|0x000000070f000000, 0x000000070f000000, 0x000000070f200000|  0%| F|  |TAMS 0x000000070f000000| PB 0x000000070f000000| Untracked 
|  96|0x000000070f200000, 0x000000070f200000, 0x000000070f400000|  0%| F|  |TAMS 0x000000070f200000| PB 0x000000070f200000| Untracked 
|  97|0x000000070f400000, 0x000000070f400000, 0x000000070f600000|  0%| F|  |TAMS 0x000000070f400000| PB 0x000000070f400000| Untracked 
|  98|0x000000070f600000, 0x000000070f600000, 0x000000070f800000|  0%| F|  |TAMS 0x000000070f600000| PB 0x000000070f600000| Untracked 
|  99|0x000000070f800000, 0x000000070f800000, 0x000000070fa00000|  0%| F|  |TAMS 0x000000070f800000| PB 0x000000070f800000| Untracked 
| 100|0x000000070fa00000, 0x000000070fa00000, 0x000000070fc00000|  0%| F|  |TAMS 0x000000070fa00000| PB 0x000000070fa00000| Untracked 
| 101|0x000000070fc00000, 0x000000070fc00000, 0x000000070fe00000|  0%| F|  |TAMS 0x000000070fc00000| PB 0x000000070fc00000| Untracked 
| 102|0x000000070fe00000, 0x000000070fe00000, 0x0000000710000000|  0%| F|  |TAMS 0x000000070fe00000| PB 0x000000070fe00000| Untracked 
| 103|0x0000000710000000, 0x0000000710000000, 0x0000000710200000|  0%| F|  |TAMS 0x0000000710000000| PB 0x0000000710000000| Untracked 
| 104|0x0000000710200000, 0x0000000710200000, 0x0000000710400000|  0%| F|  |TAMS 0x0000000710200000| PB 0x0000000710200000| Untracked 
| 105|0x0000000710400000, 0x0000000710400000, 0x0000000710600000|  0%| F|  |TAMS 0x0000000710400000| PB 0x0000000710400000| Untracked 
| 106|0x0000000710600000, 0x0000000710600000, 0x0000000710800000|  0%| F|  |TAMS 0x0000000710600000| PB 0x0000000710600000| Untracked 
| 107|0x0000000710800000, 0x0000000710800000, 0x0000000710a00000|  0%| F|  |TAMS 0x0000000710800000| PB 0x0000000710800000| Untracked 
| 108|0x0000000710a00000, 0x0000000710a00000, 0x0000000710c00000|  0%| F|  |TAMS 0x0000000710a00000| PB 0x0000000710a00000| Untracked 
| 109|0x0000000710c00000, 0x0000000710c00000, 0x0000000710e00000|  0%| F|  |TAMS 0x0000000710c00000| PB 0x0000000710c00000| Untracked 
| 110|0x0000000710e00000, 0x0000000710e00000, 0x0000000711000000|  0%| F|  |TAMS 0x0000000710e00000| PB 0x0000000710e00000| Untracked 
| 111|0x0000000711000000, 0x0000000711000000, 0x0000000711200000|  0%| F|  |TAMS 0x0000000711000000| PB 0x0000000711000000| Untracked 
| 112|0x0000000711200000, 0x0000000711200000, 0x0000000711400000|  0%| F|  |TAMS 0x0000000711200000| PB 0x0000000711200000| Untracked 
| 113|0x0000000711400000, 0x0000000711400000, 0x0000000711600000|  0%| F|  |TAMS 0x0000000711400000| PB 0x0000000711400000| Untracked 
| 114|0x0000000711600000, 0x0000000711600000, 0x0000000711800000|  0%| F|  |TAMS 0x0000000711600000| PB 0x0000000711600000| Untracked 
| 115|0x0000000711800000, 0x0000000711800000, 0x0000000711a00000|  0%| F|  |TAMS 0x0000000711800000| PB 0x0000000711800000| Untracked 
| 116|0x0000000711a00000, 0x0000000711a00000, 0x0000000711c00000|  0%| F|  |TAMS 0x0000000711a00000| PB 0x0000000711a00000| Untracked 
| 117|0x0000000711c00000, 0x0000000711c00000, 0x0000000711e00000|  0%| F|  |TAMS 0x0000000711c00000| PB 0x0000000711c00000| Untracked 
| 118|0x0000000711e00000, 0x0000000711e00000, 0x0000000712000000|  0%| F|  |TAMS 0x0000000711e00000| PB 0x0000000711e00000| Untracked 
| 119|0x0000000712000000, 0x0000000712000000, 0x0000000712200000|  0%| F|  |TAMS 0x0000000712000000| PB 0x0000000712000000| Untracked 
| 120|0x0000000712200000, 0x0000000712200000, 0x0000000712400000|  0%| F|  |TAMS 0x0000000712200000| PB 0x0000000712200000| Untracked 
| 121|0x0000000712400000, 0x0000000712400000, 0x0000000712600000|  0%| F|  |TAMS 0x0000000712400000| PB 0x0000000712400000| Untracked 
| 122|0x0000000712600000, 0x0000000712600000, 0x0000000712800000|  0%| F|  |TAMS 0x0000000712600000| PB 0x0000000712600000| Untracked 
| 123|0x0000000712800000, 0x0000000712800000, 0x0000000712a00000|  0%| F|  |TAMS 0x0000000712800000| PB 0x0000000712800000| Untracked 
| 124|0x0000000712a00000, 0x0000000712a00000, 0x0000000712c00000|  0%| F|  |TAMS 0x0000000712a00000| PB 0x0000000712a00000| Untracked 
| 125|0x0000000712c00000, 0x0000000712c00000, 0x0000000712e00000|  0%| F|  |TAMS 0x0000000712c00000| PB 0x0000000712c00000| Untracked 
| 126|0x0000000712e00000, 0x0000000712e00000, 0x0000000713000000|  0%| F|  |TAMS 0x0000000712e00000| PB 0x0000000712e00000| Untracked 
| 127|0x0000000713000000, 0x0000000713000000, 0x0000000713200000|  0%| F|  |TAMS 0x0000000713000000| PB 0x0000000713000000| Untracked 
| 128|0x0000000713200000, 0x0000000713200000, 0x0000000713400000|  0%| F|  |TAMS 0x0000000713200000| PB 0x0000000713200000| Untracked 
| 129|0x0000000713400000, 0x0000000713400000, 0x0000000713600000|  0%| F|  |TAMS 0x0000000713400000| PB 0x0000000713400000| Untracked 
| 130|0x0000000713600000, 0x0000000713600000, 0x0000000713800000|  0%| F|  |TAMS 0x0000000713600000| PB 0x0000000713600000| Untracked 
| 131|0x0000000713800000, 0x0000000713800000, 0x0000000713a00000|  0%| F|  |TAMS 0x0000000713800000| PB 0x0000000713800000| Untracked 
| 132|0x0000000713a00000, 0x0000000713a00000, 0x0000000713c00000|  0%| F|  |TAMS 0x0000000713a00000| PB 0x0000000713a00000| Untracked 
| 133|0x0000000713c00000, 0x0000000713c00000, 0x0000000713e00000|  0%| F|  |TAMS 0x0000000713c00000| PB 0x0000000713c00000| Untracked 
| 134|0x0000000713e00000, 0x0000000713e00000, 0x0000000714000000|  0%| F|  |TAMS 0x0000000713e00000| PB 0x0000000713e00000| Untracked 
| 135|0x0000000714000000, 0x0000000714000000, 0x0000000714200000|  0%| F|  |TAMS 0x0000000714000000| PB 0x0000000714000000| Untracked 
| 136|0x0000000714200000, 0x0000000714200000, 0x0000000714400000|  0%| F|  |TAMS 0x0000000714200000| PB 0x0000000714200000| Untracked 
| 137|0x0000000714400000, 0x0000000714400000, 0x0000000714600000|  0%| F|  |TAMS 0x0000000714400000| PB 0x0000000714400000| Untracked 
| 138|0x0000000714600000, 0x0000000714600000, 0x0000000714800000|  0%| F|  |TAMS 0x0000000714600000| PB 0x0000000714600000| Untracked 
| 139|0x0000000714800000, 0x0000000714800000, 0x0000000714a00000|  0%| F|  |TAMS 0x0000000714800000| PB 0x0000000714800000| Untracked 
| 140|0x0000000714a00000, 0x0000000714a00000, 0x0000000714c00000|  0%| F|  |TAMS 0x0000000714a00000| PB 0x0000000714a00000| Untracked 
| 141|0x0000000714c00000, 0x0000000714c00000, 0x0000000714e00000|  0%| F|  |TAMS 0x0000000714c00000| PB 0x0000000714c00000| Untracked 
| 142|0x0000000714e00000, 0x0000000714e00000, 0x0000000715000000|  0%| F|  |TAMS 0x0000000714e00000| PB 0x0000000714e00000| Untracked 
| 143|0x0000000715000000, 0x00000007150c8bd0, 0x0000000715200000| 39%| S|CS|TAMS 0x0000000715000000| PB 0x0000000715000000| Complete 
| 144|0x0000000715200000, 0x0000000715400000, 0x0000000715400000|100%| S|CS|TAMS 0x0000000715200000| PB 0x0000000715200000| Complete 
| 145|0x0000000715400000, 0x0000000715600000, 0x0000000715600000|100%| S|CS|TAMS 0x0000000715400000| PB 0x0000000715400000| Complete 
| 146|0x0000000715600000, 0x0000000715800000, 0x0000000715800000|100%| S|CS|TAMS 0x0000000715600000| PB 0x0000000715600000| Complete 
| 147|0x0000000715800000, 0x0000000715a00000, 0x0000000715a00000|100%| S|CS|TAMS 0x0000000715800000| PB 0x0000000715800000| Complete 
| 148|0x0000000715a00000, 0x0000000715c00000, 0x0000000715c00000|100%| S|CS|TAMS 0x0000000715a00000| PB 0x0000000715a00000| Complete 
| 149|0x0000000715c00000, 0x0000000715e00000, 0x0000000715e00000|100%| S|CS|TAMS 0x0000000715c00000| PB 0x0000000715c00000| Complete 
| 150|0x0000000715e00000, 0x0000000716000000, 0x0000000716000000|100%| S|CS|TAMS 0x0000000715e00000| PB 0x0000000715e00000| Complete 
| 151|0x0000000716000000, 0x0000000716200000, 0x0000000716200000|100%| S|CS|TAMS 0x0000000716000000| PB 0x0000000716000000| Complete 
| 152|0x0000000716200000, 0x0000000716400000, 0x0000000716400000|100%| S|CS|TAMS 0x0000000716200000| PB 0x0000000716200000| Complete 
| 153|0x0000000716400000, 0x0000000716600000, 0x0000000716600000|100%| S|CS|TAMS 0x0000000716400000| PB 0x0000000716400000| Complete 
| 154|0x0000000716600000, 0x0000000716600000, 0x0000000716800000|  0%| F|  |TAMS 0x0000000716600000| PB 0x0000000716600000| Untracked 
| 155|0x0000000716800000, 0x0000000716800000, 0x0000000716a00000|  0%| F|  |TAMS 0x0000000716800000| PB 0x0000000716800000| Untracked 
| 156|0x0000000716a00000, 0x0000000716a00000, 0x0000000716c00000|  0%| F|  |TAMS 0x0000000716a00000| PB 0x0000000716a00000| Untracked 
| 157|0x0000000716c00000, 0x0000000716c00000, 0x0000000716e00000|  0%| F|  |TAMS 0x0000000716c00000| PB 0x0000000716c00000| Untracked 
| 158|0x0000000716e00000, 0x0000000716e00000, 0x0000000717000000|  0%| F|  |TAMS 0x0000000716e00000| PB 0x0000000716e00000| Untracked 
| 159|0x0000000717000000, 0x0000000717000000, 0x0000000717200000|  0%| F|  |TAMS 0x0000000717000000| PB 0x0000000717000000| Untracked 
| 160|0x0000000717200000, 0x0000000717200000, 0x0000000717400000|  0%| F|  |TAMS 0x0000000717200000| PB 0x0000000717200000| Untracked 
| 161|0x0000000717400000, 0x0000000717400000, 0x0000000717600000|  0%| F|  |TAMS 0x0000000717400000| PB 0x0000000717400000| Untracked 
| 162|0x0000000717600000, 0x0000000717600000, 0x0000000717800000|  0%| F|  |TAMS 0x0000000717600000| PB 0x0000000717600000| Untracked 
| 163|0x0000000717800000, 0x0000000717a00000, 0x0000000717a00000|100%| S|CS|TAMS 0x0000000717800000| PB 0x0000000717800000| Complete 
| 164|0x0000000717a00000, 0x0000000717a00000, 0x0000000717c00000|  0%| F|  |TAMS 0x0000000717a00000| PB 0x0000000717a00000| Untracked 
| 165|0x0000000717c00000, 0x0000000717c00000, 0x0000000717e00000|  0%| F|  |TAMS 0x0000000717c00000| PB 0x0000000717c00000| Untracked 
| 166|0x0000000717e00000, 0x0000000717e00000, 0x0000000718000000|  0%| F|  |TAMS 0x0000000717e00000| PB 0x0000000717e00000| Untracked 
| 167|0x0000000718000000, 0x0000000718000000, 0x0000000718200000|  0%| F|  |TAMS 0x0000000718000000| PB 0x0000000718000000| Untracked 
| 168|0x0000000718200000, 0x0000000718200000, 0x0000000718400000|  0%| F|  |TAMS 0x0000000718200000| PB 0x0000000718200000| Untracked 
| 169|0x0000000718400000, 0x0000000718400000, 0x0000000718600000|  0%| F|  |TAMS 0x0000000718400000| PB 0x0000000718400000| Untracked 
| 170|0x0000000718600000, 0x0000000718600000, 0x0000000718800000|  0%| F|  |TAMS 0x0000000718600000| PB 0x0000000718600000| Untracked 
| 171|0x0000000718800000, 0x0000000718800000, 0x0000000718a00000|  0%| F|  |TAMS 0x0000000718800000| PB 0x0000000718800000| Untracked 
| 172|0x0000000718a00000, 0x0000000718a00000, 0x0000000718c00000|  0%| F|  |TAMS 0x0000000718a00000| PB 0x0000000718a00000| Untracked 
| 173|0x0000000718c00000, 0x0000000718c00000, 0x0000000718e00000|  0%| F|  |TAMS 0x0000000718c00000| PB 0x0000000718c00000| Untracked 
| 174|0x0000000718e00000, 0x0000000718e00000, 0x0000000719000000|  0%| F|  |TAMS 0x0000000718e00000| PB 0x0000000718e00000| Untracked 
| 175|0x0000000719000000, 0x0000000719000000, 0x0000000719200000|  0%| F|  |TAMS 0x0000000719000000| PB 0x0000000719000000| Untracked 
| 176|0x0000000719200000, 0x0000000719200000, 0x0000000719400000|  0%| F|  |TAMS 0x0000000719200000| PB 0x0000000719200000| Untracked 
| 177|0x0000000719400000, 0x0000000719400000, 0x0000000719600000|  0%| F|  |TAMS 0x0000000719400000| PB 0x0000000719400000| Untracked 
| 178|0x0000000719600000, 0x0000000719600000, 0x0000000719800000|  0%| F|  |TAMS 0x0000000719600000| PB 0x0000000719600000| Untracked 
| 179|0x0000000719800000, 0x0000000719800000, 0x0000000719a00000|  0%| F|  |TAMS 0x0000000719800000| PB 0x0000000719800000| Untracked 
| 180|0x0000000719a00000, 0x0000000719a00000, 0x0000000719c00000|  0%| F|  |TAMS 0x0000000719a00000| PB 0x0000000719a00000| Untracked 
| 181|0x0000000719c00000, 0x0000000719c00000, 0x0000000719e00000|  0%| F|  |TAMS 0x0000000719c00000| PB 0x0000000719c00000| Untracked 
| 182|0x0000000719e00000, 0x0000000719e00000, 0x000000071a000000|  0%| F|  |TAMS 0x0000000719e00000| PB 0x0000000719e00000| Untracked 
| 183|0x000000071a000000, 0x000000071a000000, 0x000000071a200000|  0%| F|  |TAMS 0x000000071a000000| PB 0x000000071a000000| Untracked 
| 184|0x000000071a200000, 0x000000071a200000, 0x000000071a400000|  0%| F|  |TAMS 0x000000071a200000| PB 0x000000071a200000| Untracked 
| 185|0x000000071a400000, 0x000000071a400000, 0x000000071a600000|  0%| F|  |TAMS 0x000000071a400000| PB 0x000000071a400000| Untracked 
| 186|0x000000071a600000, 0x000000071a600000, 0x000000071a800000|  0%| F|  |TAMS 0x000000071a600000| PB 0x000000071a600000| Untracked 
| 187|0x000000071a800000, 0x000000071a800000, 0x000000071aa00000|  0%| F|  |TAMS 0x000000071a800000| PB 0x000000071a800000| Untracked 
| 188|0x000000071aa00000, 0x000000071aa00000, 0x000000071ac00000|  0%| F|  |TAMS 0x000000071aa00000| PB 0x000000071aa00000| Untracked 
| 189|0x000000071ac00000, 0x000000071ac00000, 0x000000071ae00000|  0%| F|  |TAMS 0x000000071ac00000| PB 0x000000071ac00000| Untracked 
| 190|0x000000071ae00000, 0x000000071ae00000, 0x000000071b000000|  0%| F|  |TAMS 0x000000071ae00000| PB 0x000000071ae00000| Untracked 
| 191|0x000000071b000000, 0x000000071b000000, 0x000000071b200000|  0%| F|  |TAMS 0x000000071b000000| PB 0x000000071b000000| Untracked 
| 192|0x000000071b200000, 0x000000071b200000, 0x000000071b400000|  0%| F|  |TAMS 0x000000071b200000| PB 0x000000071b200000| Untracked 
| 193|0x000000071b400000, 0x000000071b400000, 0x000000071b600000|  0%| F|  |TAMS 0x000000071b400000| PB 0x000000071b400000| Untracked 
| 194|0x000000071b600000, 0x000000071b600000, 0x000000071b800000|  0%| F|  |TAMS 0x000000071b600000| PB 0x000000071b600000| Untracked 
| 195|0x000000071b800000, 0x000000071b800000, 0x000000071ba00000|  0%| F|  |TAMS 0x000000071b800000| PB 0x000000071b800000| Untracked 
| 196|0x000000071ba00000, 0x000000071ba00000, 0x000000071bc00000|  0%| F|  |TAMS 0x000000071ba00000| PB 0x000000071ba00000| Untracked 
| 197|0x000000071bc00000, 0x000000071bc00000, 0x000000071be00000|  0%| F|  |TAMS 0x000000071bc00000| PB 0x000000071bc00000| Untracked 
| 198|0x000000071be00000, 0x000000071be00000, 0x000000071c000000|  0%| F|  |TAMS 0x000000071be00000| PB 0x000000071be00000| Untracked 
| 199|0x000000071c000000, 0x000000071c000000, 0x000000071c200000|  0%| F|  |TAMS 0x000000071c000000| PB 0x000000071c000000| Untracked 
| 200|0x000000071c200000, 0x000000071c200000, 0x000000071c400000|  0%| F|  |TAMS 0x000000071c200000| PB 0x000000071c200000| Untracked 
| 201|0x000000071c400000, 0x000000071c400000, 0x000000071c600000|  0%| F|  |TAMS 0x000000071c400000| PB 0x000000071c400000| Untracked 
| 202|0x000000071c600000, 0x000000071c600000, 0x000000071c800000|  0%| F|  |TAMS 0x000000071c600000| PB 0x000000071c600000| Untracked 
| 203|0x000000071c800000, 0x000000071c800000, 0x000000071ca00000|  0%| F|  |TAMS 0x000000071c800000| PB 0x000000071c800000| Untracked 
| 204|0x000000071ca00000, 0x000000071ca00000, 0x000000071cc00000|  0%| F|  |TAMS 0x000000071ca00000| PB 0x000000071ca00000| Untracked 
| 205|0x000000071cc00000, 0x000000071cc00000, 0x000000071ce00000|  0%| F|  |TAMS 0x000000071cc00000| PB 0x000000071cc00000| Untracked 
| 206|0x000000071ce00000, 0x000000071ce00000, 0x000000071d000000|  0%| F|  |TAMS 0x000000071ce00000| PB 0x000000071ce00000| Untracked 
| 207|0x000000071d000000, 0x000000071d000000, 0x000000071d200000|  0%| F|  |TAMS 0x000000071d000000| PB 0x000000071d000000| Untracked 
| 208|0x000000071d200000, 0x000000071d200000, 0x000000071d400000|  0%| F|  |TAMS 0x000000071d200000| PB 0x000000071d200000| Untracked 
| 209|0x000000071d400000, 0x000000071d400000, 0x000000071d600000|  0%| F|  |TAMS 0x000000071d400000| PB 0x000000071d400000| Untracked 
| 210|0x000000071d600000, 0x000000071d600000, 0x000000071d800000|  0%| F|  |TAMS 0x000000071d600000| PB 0x000000071d600000| Untracked 
| 211|0x000000071d800000, 0x000000071d800000, 0x000000071da00000|  0%| F|  |TAMS 0x000000071d800000| PB 0x000000071d800000| Untracked 
| 212|0x000000071da00000, 0x000000071da00000, 0x000000071dc00000|  0%| F|  |TAMS 0x000000071da00000| PB 0x000000071da00000| Untracked 
| 213|0x000000071dc00000, 0x000000071dc00000, 0x000000071de00000|  0%| F|  |TAMS 0x000000071dc00000| PB 0x000000071dc00000| Untracked 
| 214|0x000000071de00000, 0x000000071de00000, 0x000000071e000000|  0%| F|  |TAMS 0x000000071de00000| PB 0x000000071de00000| Untracked 
| 215|0x000000071e000000, 0x000000071e000000, 0x000000071e200000|  0%| F|  |TAMS 0x000000071e000000| PB 0x000000071e000000| Untracked 
| 216|0x000000071e200000, 0x000000071e200000, 0x000000071e400000|  0%| F|  |TAMS 0x000000071e200000| PB 0x000000071e200000| Untracked 
| 217|0x000000071e400000, 0x000000071e400000, 0x000000071e600000|  0%| F|  |TAMS 0x000000071e400000| PB 0x000000071e400000| Untracked 
| 218|0x000000071e600000, 0x000000071e600000, 0x000000071e800000|  0%| F|  |TAMS 0x000000071e600000| PB 0x000000071e600000| Untracked 
| 219|0x000000071e800000, 0x000000071e800000, 0x000000071ea00000|  0%| F|  |TAMS 0x000000071e800000| PB 0x000000071e800000| Untracked 
| 220|0x000000071ea00000, 0x000000071ea00000, 0x000000071ec00000|  0%| F|  |TAMS 0x000000071ea00000| PB 0x000000071ea00000| Untracked 
| 221|0x000000071ec00000, 0x000000071ec00000, 0x000000071ee00000|  0%| F|  |TAMS 0x000000071ec00000| PB 0x000000071ec00000| Untracked 
| 222|0x000000071ee00000, 0x000000071ee00000, 0x000000071f000000|  0%| F|  |TAMS 0x000000071ee00000| PB 0x000000071ee00000| Untracked 
| 223|0x000000071f000000, 0x000000071f000000, 0x000000071f200000|  0%| F|  |TAMS 0x000000071f000000| PB 0x000000071f000000| Untracked 
| 224|0x000000071f200000, 0x000000071f200000, 0x000000071f400000|  0%| F|  |TAMS 0x000000071f200000| PB 0x000000071f200000| Untracked 
| 225|0x000000071f400000, 0x000000071f400000, 0x000000071f600000|  0%| F|  |TAMS 0x000000071f400000| PB 0x000000071f400000| Untracked 
| 226|0x000000071f600000, 0x000000071f600000, 0x000000071f800000|  0%| F|  |TAMS 0x000000071f600000| PB 0x000000071f600000| Untracked 
| 227|0x000000071f800000, 0x000000071f800000, 0x000000071fa00000|  0%| F|  |TAMS 0x000000071f800000| PB 0x000000071f800000| Untracked 
| 228|0x000000071fa00000, 0x000000071fa00000, 0x000000071fc00000|  0%| F|  |TAMS 0x000000071fa00000| PB 0x000000071fa00000| Untracked 
| 229|0x000000071fc00000, 0x000000071fc00000, 0x000000071fe00000|  0%| F|  |TAMS 0x000000071fc00000| PB 0x000000071fc00000| Untracked 
| 230|0x000000071fe00000, 0x000000071fe00000, 0x0000000720000000|  0%| F|  |TAMS 0x000000071fe00000| PB 0x000000071fe00000| Untracked 
| 231|0x0000000720000000, 0x0000000720000000, 0x0000000720200000|  0%| F|  |TAMS 0x0000000720000000| PB 0x0000000720000000| Untracked 
| 232|0x0000000720200000, 0x0000000720200000, 0x0000000720400000|  0%| F|  |TAMS 0x0000000720200000| PB 0x0000000720200000| Untracked 
| 233|0x0000000720400000, 0x0000000720400000, 0x0000000720600000|  0%| F|  |TAMS 0x0000000720400000| PB 0x0000000720400000| Untracked 
| 234|0x0000000720600000, 0x0000000720600000, 0x0000000720800000|  0%| F|  |TAMS 0x0000000720600000| PB 0x0000000720600000| Untracked 
| 235|0x0000000720800000, 0x0000000720800000, 0x0000000720a00000|  0%| F|  |TAMS 0x0000000720800000| PB 0x0000000720800000| Untracked 
| 236|0x0000000720a00000, 0x0000000720a00000, 0x0000000720c00000|  0%| F|  |TAMS 0x0000000720a00000| PB 0x0000000720a00000| Untracked 
| 237|0x0000000720c00000, 0x0000000720c00000, 0x0000000720e00000|  0%| F|  |TAMS 0x0000000720c00000| PB 0x0000000720c00000| Untracked 
| 238|0x0000000720e00000, 0x0000000720e00000, 0x0000000721000000|  0%| F|  |TAMS 0x0000000720e00000| PB 0x0000000720e00000| Untracked 
| 239|0x0000000721000000, 0x0000000721000000, 0x0000000721200000|  0%| F|  |TAMS 0x0000000721000000| PB 0x0000000721000000| Untracked 
| 240|0x0000000721200000, 0x0000000721200000, 0x0000000721400000|  0%| F|  |TAMS 0x0000000721200000| PB 0x0000000721200000| Untracked 
| 241|0x0000000721400000, 0x0000000721400000, 0x0000000721600000|  0%| F|  |TAMS 0x0000000721400000| PB 0x0000000721400000| Untracked 
| 242|0x0000000721600000, 0x0000000721600000, 0x0000000721800000|  0%| F|  |TAMS 0x0000000721600000| PB 0x0000000721600000| Untracked 
| 243|0x0000000721800000, 0x0000000721800000, 0x0000000721a00000|  0%| F|  |TAMS 0x0000000721800000| PB 0x0000000721800000| Untracked 
| 244|0x0000000721a00000, 0x0000000721a00000, 0x0000000721c00000|  0%| F|  |TAMS 0x0000000721a00000| PB 0x0000000721a00000| Untracked 
| 245|0x0000000721c00000, 0x0000000721c00000, 0x0000000721e00000|  0%| F|  |TAMS 0x0000000721c00000| PB 0x0000000721c00000| Untracked 
| 246|0x0000000721e00000, 0x0000000721e00000, 0x0000000722000000|  0%| F|  |TAMS 0x0000000721e00000| PB 0x0000000721e00000| Untracked 
| 247|0x0000000722000000, 0x0000000722000000, 0x0000000722200000|  0%| F|  |TAMS 0x0000000722000000| PB 0x0000000722000000| Untracked 
| 248|0x0000000722200000, 0x0000000722200000, 0x0000000722400000|  0%| F|  |TAMS 0x0000000722200000| PB 0x0000000722200000| Untracked 
| 249|0x0000000722400000, 0x0000000722400000, 0x0000000722600000|  0%| F|  |TAMS 0x0000000722400000| PB 0x0000000722400000| Untracked 
| 250|0x0000000722600000, 0x0000000722600000, 0x0000000722800000|  0%| F|  |TAMS 0x0000000722600000| PB 0x0000000722600000| Untracked 
| 251|0x0000000722800000, 0x0000000722800000, 0x0000000722a00000|  0%| F|  |TAMS 0x0000000722800000| PB 0x0000000722800000| Untracked 
| 252|0x0000000722a00000, 0x0000000722a00000, 0x0000000722c00000|  0%| F|  |TAMS 0x0000000722a00000| PB 0x0000000722a00000| Untracked 
| 253|0x0000000722c00000, 0x0000000722c00000, 0x0000000722e00000|  0%| F|  |TAMS 0x0000000722c00000| PB 0x0000000722c00000| Untracked 
| 254|0x0000000722e00000, 0x0000000722e00000, 0x0000000723000000|  0%| F|  |TAMS 0x0000000722e00000| PB 0x0000000722e00000| Untracked 
| 255|0x0000000723000000, 0x0000000723000000, 0x0000000723200000|  0%| F|  |TAMS 0x0000000723000000| PB 0x0000000723000000| Untracked 
| 256|0x0000000723200000, 0x0000000723200000, 0x0000000723400000|  0%| F|  |TAMS 0x0000000723200000| PB 0x0000000723200000| Untracked 
| 257|0x0000000723400000, 0x0000000723400000, 0x0000000723600000|  0%| F|  |TAMS 0x0000000723400000| PB 0x0000000723400000| Untracked 
| 258|0x0000000723600000, 0x0000000723600000, 0x0000000723800000|  0%| F|  |TAMS 0x0000000723600000| PB 0x0000000723600000| Untracked 
| 259|0x0000000723800000, 0x0000000723800000, 0x0000000723a00000|  0%| F|  |TAMS 0x0000000723800000| PB 0x0000000723800000| Untracked 
| 260|0x0000000723a00000, 0x0000000723a00000, 0x0000000723c00000|  0%| F|  |TAMS 0x0000000723a00000| PB 0x0000000723a00000| Untracked 
| 261|0x0000000723c00000, 0x0000000723c00000, 0x0000000723e00000|  0%| F|  |TAMS 0x0000000723c00000| PB 0x0000000723c00000| Untracked 
| 262|0x0000000723e00000, 0x0000000723e00000, 0x0000000724000000|  0%| F|  |TAMS 0x0000000723e00000| PB 0x0000000723e00000| Untracked 
| 263|0x0000000724000000, 0x0000000724000000, 0x0000000724200000|  0%| F|  |TAMS 0x0000000724000000| PB 0x0000000724000000| Untracked 
| 264|0x0000000724200000, 0x0000000724200000, 0x0000000724400000|  0%| F|  |TAMS 0x0000000724200000| PB 0x0000000724200000| Untracked 
| 265|0x0000000724400000, 0x0000000724400000, 0x0000000724600000|  0%| F|  |TAMS 0x0000000724400000| PB 0x0000000724400000| Untracked 
| 266|0x0000000724600000, 0x0000000724600000, 0x0000000724800000|  0%| F|  |TAMS 0x0000000724600000| PB 0x0000000724600000| Untracked 
| 267|0x0000000724800000, 0x0000000724800000, 0x0000000724a00000|  0%| F|  |TAMS 0x0000000724800000| PB 0x0000000724800000| Untracked 
| 268|0x0000000724a00000, 0x0000000724a00000, 0x0000000724c00000|  0%| F|  |TAMS 0x0000000724a00000| PB 0x0000000724a00000| Untracked 
| 269|0x0000000724c00000, 0x0000000724c00000, 0x0000000724e00000|  0%| F|  |TAMS 0x0000000724c00000| PB 0x0000000724c00000| Untracked 
| 270|0x0000000724e00000, 0x0000000724e00000, 0x0000000725000000|  0%| F|  |TAMS 0x0000000724e00000| PB 0x0000000724e00000| Untracked 
| 271|0x0000000725000000, 0x0000000725000000, 0x0000000725200000|  0%| F|  |TAMS 0x0000000725000000| PB 0x0000000725000000| Untracked 
| 272|0x0000000725200000, 0x0000000725200000, 0x0000000725400000|  0%| F|  |TAMS 0x0000000725200000| PB 0x0000000725200000| Untracked 
| 273|0x0000000725400000, 0x0000000725400000, 0x0000000725600000|  0%| F|  |TAMS 0x0000000725400000| PB 0x0000000725400000| Untracked 
| 274|0x0000000725600000, 0x0000000725600000, 0x0000000725800000|  0%| F|  |TAMS 0x0000000725600000| PB 0x0000000725600000| Untracked 
| 275|0x0000000725800000, 0x0000000725800000, 0x0000000725a00000|  0%| F|  |TAMS 0x0000000725800000| PB 0x0000000725800000| Untracked 
| 276|0x0000000725a00000, 0x0000000725a00000, 0x0000000725c00000|  0%| F|  |TAMS 0x0000000725a00000| PB 0x0000000725a00000| Untracked 
| 277|0x0000000725c00000, 0x0000000725c00000, 0x0000000725e00000|  0%| F|  |TAMS 0x0000000725c00000| PB 0x0000000725c00000| Untracked 
| 278|0x0000000725e00000, 0x0000000725e00000, 0x0000000726000000|  0%| F|  |TAMS 0x0000000725e00000| PB 0x0000000725e00000| Untracked 
| 279|0x0000000726000000, 0x0000000726000000, 0x0000000726200000|  0%| F|  |TAMS 0x0000000726000000| PB 0x0000000726000000| Untracked 
| 280|0x0000000726200000, 0x0000000726200000, 0x0000000726400000|  0%| F|  |TAMS 0x0000000726200000| PB 0x0000000726200000| Untracked 
| 281|0x0000000726400000, 0x0000000726400000, 0x0000000726600000|  0%| F|  |TAMS 0x0000000726400000| PB 0x0000000726400000| Untracked 
| 282|0x0000000726600000, 0x0000000726600000, 0x0000000726800000|  0%| F|  |TAMS 0x0000000726600000| PB 0x0000000726600000| Untracked 
| 283|0x0000000726800000, 0x0000000726800000, 0x0000000726a00000|  0%| F|  |TAMS 0x0000000726800000| PB 0x0000000726800000| Untracked 
| 284|0x0000000726a00000, 0x0000000726a00000, 0x0000000726c00000|  0%| F|  |TAMS 0x0000000726a00000| PB 0x0000000726a00000| Untracked 
| 285|0x0000000726c00000, 0x0000000726c00000, 0x0000000726e00000|  0%| F|  |TAMS 0x0000000726c00000| PB 0x0000000726c00000| Untracked 
| 286|0x0000000726e00000, 0x0000000726e00000, 0x0000000727000000|  0%| F|  |TAMS 0x0000000726e00000| PB 0x0000000726e00000| Untracked 
| 287|0x0000000727000000, 0x0000000727000000, 0x0000000727200000|  0%| F|  |TAMS 0x0000000727000000| PB 0x0000000727000000| Untracked 
| 288|0x0000000727200000, 0x0000000727200000, 0x0000000727400000|  0%| F|  |TAMS 0x0000000727200000| PB 0x0000000727200000| Untracked 
| 289|0x0000000727400000, 0x0000000727400000, 0x0000000727600000|  0%| F|  |TAMS 0x0000000727400000| PB 0x0000000727400000| Untracked 
| 290|0x0000000727600000, 0x0000000727600000, 0x0000000727800000|  0%| F|  |TAMS 0x0000000727600000| PB 0x0000000727600000| Untracked 
| 291|0x0000000727800000, 0x0000000727800000, 0x0000000727a00000|  0%| F|  |TAMS 0x0000000727800000| PB 0x0000000727800000| Untracked 
| 292|0x0000000727a00000, 0x0000000727a00000, 0x0000000727c00000|  0%| F|  |TAMS 0x0000000727a00000| PB 0x0000000727a00000| Untracked 
| 293|0x0000000727c00000, 0x0000000727c00000, 0x0000000727e00000|  0%| F|  |TAMS 0x0000000727c00000| PB 0x0000000727c00000| Untracked 
| 294|0x0000000727e00000, 0x0000000727e00000, 0x0000000728000000|  0%| F|  |TAMS 0x0000000727e00000| PB 0x0000000727e00000| Untracked 
| 295|0x0000000728000000, 0x0000000728000000, 0x0000000728200000|  0%| F|  |TAMS 0x0000000728000000| PB 0x0000000728000000| Untracked 
| 296|0x0000000728200000, 0x0000000728200000, 0x0000000728400000|  0%| F|  |TAMS 0x0000000728200000| PB 0x0000000728200000| Untracked 
| 297|0x0000000728400000, 0x0000000728400000, 0x0000000728600000|  0%| F|  |TAMS 0x0000000728400000| PB 0x0000000728400000| Untracked 
| 298|0x0000000728600000, 0x0000000728600000, 0x0000000728800000|  0%| F|  |TAMS 0x0000000728600000| PB 0x0000000728600000| Untracked 
| 299|0x0000000728800000, 0x0000000728800000, 0x0000000728a00000|  0%| F|  |TAMS 0x0000000728800000| PB 0x0000000728800000| Untracked 
| 300|0x0000000728a00000, 0x0000000728a00000, 0x0000000728c00000|  0%| F|  |TAMS 0x0000000728a00000| PB 0x0000000728a00000| Untracked 
| 301|0x0000000728c00000, 0x0000000728c00000, 0x0000000728e00000|  0%| F|  |TAMS 0x0000000728c00000| PB 0x0000000728c00000| Untracked 
| 302|0x0000000728e00000, 0x0000000728e00000, 0x0000000729000000|  0%| F|  |TAMS 0x0000000728e00000| PB 0x0000000728e00000| Untracked 
| 303|0x0000000729000000, 0x0000000729000000, 0x0000000729200000|  0%| F|  |TAMS 0x0000000729000000| PB 0x0000000729000000| Untracked 
| 304|0x0000000729200000, 0x0000000729200000, 0x0000000729400000|  0%| F|  |TAMS 0x0000000729200000| PB 0x0000000729200000| Untracked 
| 305|0x0000000729400000, 0x0000000729400000, 0x0000000729600000|  0%| F|  |TAMS 0x0000000729400000| PB 0x0000000729400000| Untracked 
| 306|0x0000000729600000, 0x0000000729600000, 0x0000000729800000|  0%| F|  |TAMS 0x0000000729600000| PB 0x0000000729600000| Untracked 
| 307|0x0000000729800000, 0x0000000729800000, 0x0000000729a00000|  0%| F|  |TAMS 0x0000000729800000| PB 0x0000000729800000| Untracked 
| 308|0x0000000729a00000, 0x0000000729a00000, 0x0000000729c00000|  0%| F|  |TAMS 0x0000000729a00000| PB 0x0000000729a00000| Untracked 
| 309|0x0000000729c00000, 0x0000000729c00000, 0x0000000729e00000|  0%| F|  |TAMS 0x0000000729c00000| PB 0x0000000729c00000| Untracked 
| 310|0x0000000729e00000, 0x0000000729e00000, 0x000000072a000000|  0%| F|  |TAMS 0x0000000729e00000| PB 0x0000000729e00000| Untracked 
| 311|0x000000072a000000, 0x000000072a000000, 0x000000072a200000|  0%| F|  |TAMS 0x000000072a000000| PB 0x000000072a000000| Untracked 
| 312|0x000000072a200000, 0x000000072a200000, 0x000000072a400000|  0%| F|  |TAMS 0x000000072a200000| PB 0x000000072a200000| Untracked 
| 313|0x000000072a400000, 0x000000072a400000, 0x000000072a600000|  0%| F|  |TAMS 0x000000072a400000| PB 0x000000072a400000| Untracked 
| 314|0x000000072a600000, 0x000000072a600000, 0x000000072a800000|  0%| F|  |TAMS 0x000000072a600000| PB 0x000000072a600000| Untracked 
| 315|0x000000072a800000, 0x000000072a800000, 0x000000072aa00000|  0%| F|  |TAMS 0x000000072a800000| PB 0x000000072a800000| Untracked 
| 316|0x000000072aa00000, 0x000000072aa00000, 0x000000072ac00000|  0%| F|  |TAMS 0x000000072aa00000| PB 0x000000072aa00000| Untracked 
| 317|0x000000072ac00000, 0x000000072ac00000, 0x000000072ae00000|  0%| F|  |TAMS 0x000000072ac00000| PB 0x000000072ac00000| Untracked 
| 318|0x000000072ae00000, 0x000000072ae00000, 0x000000072b000000|  0%| F|  |TAMS 0x000000072ae00000| PB 0x000000072ae00000| Untracked 
| 319|0x000000072b000000, 0x000000072b000000, 0x000000072b200000|  0%| F|  |TAMS 0x000000072b000000| PB 0x000000072b000000| Untracked 
| 320|0x000000072b200000, 0x000000072b200000, 0x000000072b400000|  0%| F|  |TAMS 0x000000072b200000| PB 0x000000072b200000| Untracked 
| 321|0x000000072b400000, 0x000000072b400000, 0x000000072b600000|  0%| F|  |TAMS 0x000000072b400000| PB 0x000000072b400000| Untracked 
| 322|0x000000072b600000, 0x000000072b600000, 0x000000072b800000|  0%| F|  |TAMS 0x000000072b600000| PB 0x000000072b600000| Untracked 
| 323|0x000000072b800000, 0x000000072b800000, 0x000000072ba00000|  0%| F|  |TAMS 0x000000072b800000| PB 0x000000072b800000| Untracked 
| 324|0x000000072ba00000, 0x000000072ba00000, 0x000000072bc00000|  0%| F|  |TAMS 0x000000072ba00000| PB 0x000000072ba00000| Untracked 
| 325|0x000000072bc00000, 0x000000072bc00000, 0x000000072be00000|  0%| F|  |TAMS 0x000000072bc00000| PB 0x000000072bc00000| Untracked 
| 326|0x000000072be00000, 0x000000072be00000, 0x000000072c000000|  0%| F|  |TAMS 0x000000072be00000| PB 0x000000072be00000| Untracked 
| 327|0x000000072c000000, 0x000000072c000000, 0x000000072c200000|  0%| F|  |TAMS 0x000000072c000000| PB 0x000000072c000000| Untracked 
| 328|0x000000072c200000, 0x000000072c200000, 0x000000072c400000|  0%| F|  |TAMS 0x000000072c200000| PB 0x000000072c200000| Untracked 
| 329|0x000000072c400000, 0x000000072c400000, 0x000000072c600000|  0%| F|  |TAMS 0x000000072c400000| PB 0x000000072c400000| Untracked 
| 330|0x000000072c600000, 0x000000072c600000, 0x000000072c800000|  0%| F|  |TAMS 0x000000072c600000| PB 0x000000072c600000| Untracked 
| 331|0x000000072c800000, 0x000000072c800000, 0x000000072ca00000|  0%| F|  |TAMS 0x000000072c800000| PB 0x000000072c800000| Untracked 
| 332|0x000000072ca00000, 0x000000072ca00000, 0x000000072cc00000|  0%| F|  |TAMS 0x000000072ca00000| PB 0x000000072ca00000| Untracked 
| 333|0x000000072cc00000, 0x000000072cc00000, 0x000000072ce00000|  0%| F|  |TAMS 0x000000072cc00000| PB 0x000000072cc00000| Untracked 
| 334|0x000000072ce00000, 0x000000072ce00000, 0x000000072d000000|  0%| F|  |TAMS 0x000000072ce00000| PB 0x000000072ce00000| Untracked 
| 335|0x000000072d000000, 0x000000072d000000, 0x000000072d200000|  0%| F|  |TAMS 0x000000072d000000| PB 0x000000072d000000| Untracked 
| 336|0x000000072d200000, 0x000000072d200000, 0x000000072d400000|  0%| F|  |TAMS 0x000000072d200000| PB 0x000000072d200000| Untracked 
| 337|0x000000072d400000, 0x000000072d400000, 0x000000072d600000|  0%| F|  |TAMS 0x000000072d400000| PB 0x000000072d400000| Untracked 
| 338|0x000000072d600000, 0x000000072d600000, 0x000000072d800000|  0%| F|  |TAMS 0x000000072d600000| PB 0x000000072d600000| Untracked 
| 339|0x000000072d800000, 0x000000072d800000, 0x000000072da00000|  0%| F|  |TAMS 0x000000072d800000| PB 0x000000072d800000| Untracked 
| 340|0x000000072da00000, 0x000000072da00000, 0x000000072dc00000|  0%| F|  |TAMS 0x000000072da00000| PB 0x000000072da00000| Untracked 
| 341|0x000000072dc00000, 0x000000072dc00000, 0x000000072de00000|  0%| F|  |TAMS 0x000000072dc00000| PB 0x000000072dc00000| Untracked 
| 342|0x000000072de00000, 0x000000072de00000, 0x000000072e000000|  0%| F|  |TAMS 0x000000072de00000| PB 0x000000072de00000| Untracked 
| 343|0x000000072e000000, 0x000000072e000000, 0x000000072e200000|  0%| F|  |TAMS 0x000000072e000000| PB 0x000000072e000000| Untracked 
| 344|0x000000072e200000, 0x000000072e200000, 0x000000072e400000|  0%| F|  |TAMS 0x000000072e200000| PB 0x000000072e200000| Untracked 
| 345|0x000000072e400000, 0x000000072e400000, 0x000000072e600000|  0%| F|  |TAMS 0x000000072e400000| PB 0x000000072e400000| Untracked 
| 346|0x000000072e600000, 0x000000072e600000, 0x000000072e800000|  0%| F|  |TAMS 0x000000072e600000| PB 0x000000072e600000| Untracked 
| 347|0x000000072e800000, 0x000000072e800000, 0x000000072ea00000|  0%| F|  |TAMS 0x000000072e800000| PB 0x000000072e800000| Untracked 
| 348|0x000000072ea00000, 0x000000072ea00000, 0x000000072ec00000|  0%| F|  |TAMS 0x000000072ea00000| PB 0x000000072ea00000| Untracked 
| 349|0x000000072ec00000, 0x000000072ec00000, 0x000000072ee00000|  0%| F|  |TAMS 0x000000072ec00000| PB 0x000000072ec00000| Untracked 
| 350|0x000000072ee00000, 0x000000072ee00000, 0x000000072f000000|  0%| F|  |TAMS 0x000000072ee00000| PB 0x000000072ee00000| Untracked 
| 351|0x000000072f000000, 0x000000072f000000, 0x000000072f200000|  0%| F|  |TAMS 0x000000072f000000| PB 0x000000072f000000| Untracked 
| 352|0x000000072f200000, 0x000000072f200000, 0x000000072f400000|  0%| F|  |TAMS 0x000000072f200000| PB 0x000000072f200000| Untracked 
| 353|0x000000072f400000, 0x000000072f400000, 0x000000072f600000|  0%| F|  |TAMS 0x000000072f400000| PB 0x000000072f400000| Untracked 
| 354|0x000000072f600000, 0x000000072f600000, 0x000000072f800000|  0%| F|  |TAMS 0x000000072f600000| PB 0x000000072f600000| Untracked 
| 355|0x000000072f800000, 0x000000072f800000, 0x000000072fa00000|  0%| F|  |TAMS 0x000000072f800000| PB 0x000000072f800000| Untracked 
| 356|0x000000072fa00000, 0x000000072fa00000, 0x000000072fc00000|  0%| F|  |TAMS 0x000000072fa00000| PB 0x000000072fa00000| Untracked 
| 357|0x000000072fc00000, 0x000000072fc00000, 0x000000072fe00000|  0%| F|  |TAMS 0x000000072fc00000| PB 0x000000072fc00000| Untracked 
| 358|0x000000072fe00000, 0x000000072fe00000, 0x0000000730000000|  0%| F|  |TAMS 0x000000072fe00000| PB 0x000000072fe00000| Untracked 
| 359|0x0000000730000000, 0x0000000730000000, 0x0000000730200000|  0%| F|  |TAMS 0x0000000730000000| PB 0x0000000730000000| Untracked 
| 360|0x0000000730200000, 0x0000000730200000, 0x0000000730400000|  0%| F|  |TAMS 0x0000000730200000| PB 0x0000000730200000| Untracked 
| 361|0x0000000730400000, 0x0000000730400000, 0x0000000730600000|  0%| F|  |TAMS 0x0000000730400000| PB 0x0000000730400000| Untracked 
| 362|0x0000000730600000, 0x0000000730600000, 0x0000000730800000|  0%| F|  |TAMS 0x0000000730600000| PB 0x0000000730600000| Untracked 
| 363|0x0000000730800000, 0x0000000730800000, 0x0000000730a00000|  0%| F|  |TAMS 0x0000000730800000| PB 0x0000000730800000| Untracked 
| 364|0x0000000730a00000, 0x0000000730a00000, 0x0000000730c00000|  0%| F|  |TAMS 0x0000000730a00000| PB 0x0000000730a00000| Untracked 
| 365|0x0000000730c00000, 0x0000000730c00000, 0x0000000730e00000|  0%| F|  |TAMS 0x0000000730c00000| PB 0x0000000730c00000| Untracked 
| 366|0x0000000730e00000, 0x0000000730e00000, 0x0000000731000000|  0%| F|  |TAMS 0x0000000730e00000| PB 0x0000000730e00000| Untracked 
| 367|0x0000000731000000, 0x0000000731000000, 0x0000000731200000|  0%| F|  |TAMS 0x0000000731000000| PB 0x0000000731000000| Untracked 
| 368|0x0000000731200000, 0x0000000731200000, 0x0000000731400000|  0%| F|  |TAMS 0x0000000731200000| PB 0x0000000731200000| Untracked 
| 369|0x0000000731400000, 0x0000000731400000, 0x0000000731600000|  0%| F|  |TAMS 0x0000000731400000| PB 0x0000000731400000| Untracked 
| 370|0x0000000731600000, 0x0000000731600000, 0x0000000731800000|  0%| F|  |TAMS 0x0000000731600000| PB 0x0000000731600000| Untracked 
| 371|0x0000000731800000, 0x0000000731800000, 0x0000000731a00000|  0%| F|  |TAMS 0x0000000731800000| PB 0x0000000731800000| Untracked 
| 372|0x0000000731a00000, 0x0000000731a00000, 0x0000000731c00000|  0%| F|  |TAMS 0x0000000731a00000| PB 0x0000000731a00000| Untracked 
| 373|0x0000000731c00000, 0x0000000731c00000, 0x0000000731e00000|  0%| F|  |TAMS 0x0000000731c00000| PB 0x0000000731c00000| Untracked 
| 374|0x0000000731e00000, 0x0000000731e00000, 0x0000000732000000|  0%| F|  |TAMS 0x0000000731e00000| PB 0x0000000731e00000| Untracked 
| 375|0x0000000732000000, 0x0000000732000000, 0x0000000732200000|  0%| F|  |TAMS 0x0000000732000000| PB 0x0000000732000000| Untracked 
| 376|0x0000000732200000, 0x0000000732200000, 0x0000000732400000|  0%| F|  |TAMS 0x0000000732200000| PB 0x0000000732200000| Untracked 
| 377|0x0000000732400000, 0x0000000732400000, 0x0000000732600000|  0%| F|  |TAMS 0x0000000732400000| PB 0x0000000732400000| Untracked 
| 378|0x0000000732600000, 0x0000000732600000, 0x0000000732800000|  0%| F|  |TAMS 0x0000000732600000| PB 0x0000000732600000| Untracked 
| 379|0x0000000732800000, 0x0000000732800000, 0x0000000732a00000|  0%| F|  |TAMS 0x0000000732800000| PB 0x0000000732800000| Untracked 
| 380|0x0000000732a00000, 0x0000000732a00000, 0x0000000732c00000|  0%| F|  |TAMS 0x0000000732a00000| PB 0x0000000732a00000| Untracked 
| 381|0x0000000732c00000, 0x0000000732c00000, 0x0000000732e00000|  0%| F|  |TAMS 0x0000000732c00000| PB 0x0000000732c00000| Untracked 
| 382|0x0000000732e00000, 0x0000000732e00000, 0x0000000733000000|  0%| F|  |TAMS 0x0000000732e00000| PB 0x0000000732e00000| Untracked 
| 383|0x0000000733000000, 0x0000000733000000, 0x0000000733200000|  0%| F|  |TAMS 0x0000000733000000| PB 0x0000000733000000| Untracked 
|2019|0x00000007ff800000, 0x00000007ff800000, 0x00000007ffa00000|  0%| F|  |TAMS 0x00000007ff800000| PB 0x00000007ff800000| Untracked 
|2020|0x00000007ffa00000, 0x00000007ffa00000, 0x00000007ffc00000|  0%| F|  |TAMS 0x00000007ffa00000| PB 0x00000007ffa00000| Untracked 
|2021|0x00000007ffc00000, 0x00000007ffc00000, 0x00000007ffe00000|  0%| F|  |TAMS 0x00000007ffc00000| PB 0x00000007ffc00000| Untracked 
|2022|0x00000007ffe00000, 0x0000000800000000, 0x0000000800000000|100%| O|  |TAMS 0x00000007ffe00000| PB 0x00000007ffe00000| Untracked 

Card table byte_map: [0x0000019077300000,0x0000019077af0000] _byte_map_base: 0x0000019073ae7000

Marking Bits: (CMBitMap*) 0x000001905e57c9d0
 Bits: [0x0000019077af0000, 0x000001907ba28000)

Polling page: 0x000001905c300000

Metaspace:

Usage:
  Non-class:     74.70 MB used.
      Class:      9.42 MB used.
       Both:     84.13 MB used.

Virtual space:
  Non-class space:      128.00 MB reserved,      75.25 MB ( 59%) committed,  2 nodes.
      Class space:        1.00 GB reserved,       9.88 MB ( <1%) committed,  1 nodes.
             Both:        1.12 GB reserved,      85.12 MB (  7%) committed. 

Chunk freelists:
   Non-Class:  4.25 MB
       Class:  5.97 MB
        Both:  10.22 MB

MaxMetaspaceSize: unlimited
CompressedClassSpaceSize: 1.00 GB
Initial GC threshold: 21.00 MB
Current GC threshold: 140.44 MB
CDS: off
 - commit_granule_bytes: 65536.
 - commit_granule_words: 8192.
 - virtual_space_node_default_size: 8388608.
 - enlarge_chunks_in_place: 1.
 - use_allocation_guard: 0.


Internal statistics:

num_allocs_failed_limit: 9.
num_arena_births: 908.
num_arena_deaths: 0.
num_vsnodes_births: 3.
num_vsnodes_deaths: 0.
num_space_committed: 1362.
num_space_uncommitted: 0.
num_chunks_returned_to_freelist: 9.
num_chunks_taken_from_freelist: 3188.
num_chunk_merges: 0.
num_chunk_splits: 2223.
num_chunks_enlarged: 1590.
num_inconsistent_stats: 0.

CodeHeap 'non-profiled nmethods': size=120000Kb used=5685Kb max_used=5685Kb free=114314Kb
 bounds [0x000001906f2b0000, 0x000001906f840000, 0x00000190767e0000]
CodeHeap 'profiled nmethods': size=120000Kb used=15025Kb max_used=15025Kb free=104974Kb
 bounds [0x00000190677e0000, 0x00000190686a0000, 0x000001906ed10000]
CodeHeap 'non-nmethods': size=5760Kb used=2019Kb max_used=2077Kb free=3740Kb
 bounds [0x000001906ed10000, 0x000001906ef80000, 0x000001906f2b0000]
CodeCache: size=245760Kb, used=22729Kb, max_used=22787Kb, free=223028Kb
 total_blobs=8315, nmethods=7388, adapters=830, full_count=0
Compilation: enabled, stopped_count=0, restarted_count=0

Compilation events (20 events):
Event: 9.458 Thread 0x000001907e59f4e0 nmethod 8934 0x000001906f835c10 code [0x000001906f835e00, 0x000001906f8363e8]
Event: 9.458 Thread 0x000001907e59f4e0 8967       4       java.util.regex.Pattern$Branch::match (66 bytes)
Event: 9.459 Thread 0x000001907e59f4e0 nmethod 8967 0x000001906f836810 code [0x000001906f8369a0, 0x000001906f836b80]
Event: 9.459 Thread 0x000001907e59f4e0 8970       4       java.util.regex.Pattern::escape (1306 bytes)
Event: 9.460 Thread 0x000001907e5a0f90 8972       3       com.st.microxplorer.util.MXSemaphore::getValue (55 bytes)
Event: 9.460 Thread 0x000001907e5a0f90 nmethod 8972 0x000001906868f010 code [0x000001906868f260, 0x000001906868f8f8]
Event: 9.460 Thread 0x000001907e5a0f90 8973       3       com.st.microxplorer.mcu.Mode::setShrunk (6 bytes)
Event: 9.460 Thread 0x000001907e5a0f90 nmethod 8973 0x0000019067ffc310 code [0x0000019067ffc4a0, 0x0000019067ffc5b0]
Event: 9.462 Thread 0x000001907e5a0f90 8974       1       javax.swing.RepaintManager::isDoubleBufferingEnabled (5 bytes)
Event: 9.462 Thread 0x000001907e5a0f90 nmethod 8974 0x000001906f836d10 code [0x000001906f836ea0, 0x000001906f836f70]
Event: 9.462 Thread 0x000001907e5a0f90 8975       3       sun.java2d.SunGraphics2D::setColor (108 bytes)
Event: 9.463 Thread 0x000001907e5a0f90 nmethod 8975 0x000001906868fb10 code [0x000001906868fd00, 0x0000019068690198]
Event: 9.464 Thread 0x000001907e5a0f90 8976       1       com.st.microxplorer.mcu.RefMode::getCondition (5 bytes)
Event: 9.464 Thread 0x000001907e5a0f90 nmethod 8976 0x000001906f837010 code [0x000001906f8371a0, 0x000001906f837270]
Event: 9.481 Thread 0x000001907e59f4e0 nmethod 8970 0x000001906f837310 code [0x000001906f837740, 0x000001906f839b88]
Event: 9.481 Thread 0x000001907e59f4e0 8977   !   4       jdk.internal.math.FloatingDecimal::readJavaFormatString (826 bytes)
Event: 9.504 Thread 0x000001907e59f4e0 nmethod 8977 0x000001906f83a810 code [0x000001906f83aba0, 0x000001906f83c2a8]
Event: 9.504 Thread 0x000001907e59f4e0 8965       4       java.util.LinkedHashMap$LinkedHashIterator::<init> (47 bytes)
Event: 9.506 Thread 0x000001907e59f4e0 nmethod 8965 0x000001906f83d210 code [0x000001906f83d3a0, 0x000001906f83d6c0]
Event: 9.506 Thread 0x000001907e59f4e0 8971       4       java.util.Arrays$ArrayList::contains (14 bytes)

GC Heap History (20 events):
Event: 8.211 GC heap after
{Heap after GC invocations=49 (full 0):
 garbage-first heap   total 339968K, used 118765K [0x0000000703200000, 0x0000000800000000)
  region size 2048K, 6 young (12288K), 6 survivors (12288K)
 Metaspace       used 85326K, committed 86400K, reserved 1179648K
  class space    used 9601K, committed 10048K, reserved 1048576K
}
Event: 8.257 GC heap before
{Heap before GC invocations=49 (full 0):
 garbage-first heap   total 339968K, used 309229K [0x0000000703200000, 0x0000000800000000)
  region size 2048K, 99 young (202752K), 6 survivors (12288K)
 Metaspace       used 85326K, committed 86400K, reserved 1179648K
  class space    used 9601K, committed 10048K, reserved 1048576K
}
Event: 8.262 GC heap after
{Heap after GC invocations=50 (full 0):
 garbage-first heap   total 497664K, used 119361K [0x0000000703200000, 0x0000000800000000)
  region size 2048K, 6 young (12288K), 6 survivors (12288K)
 Metaspace       used 85326K, committed 86400K, reserved 1179648K
  class space    used 9601K, committed 10048K, reserved 1048576K
}
Event: 8.343 GC heap before
{Heap before GC invocations=51 (full 0):
 garbage-first heap   total 403456K, used 348737K [0x0000000703200000, 0x0000000800000000)
  region size 2048K, 118 young (241664K), 6 survivors (12288K)
 Metaspace       used 85326K, committed 86400K, reserved 1179648K
  class space    used 9601K, committed 10048K, reserved 1048576K
}
Event: 8.347 GC heap after
{Heap after GC invocations=52 (full 0):
 garbage-first heap   total 403456K, used 119664K [0x0000000703200000, 0x0000000800000000)
  region size 2048K, 6 young (12288K), 6 survivors (12288K)
 Metaspace       used 85326K, committed 86400K, reserved 1179648K
  class space    used 9601K, committed 10048K, reserved 1048576K
}
Event: 8.421 GC heap before
{Heap before GC invocations=52 (full 0):
 garbage-first heap   total 403456K, used 349040K [0x0000000703200000, 0x0000000800000000)
  region size 2048K, 118 young (241664K), 6 survivors (12288K)
 Metaspace       used 85326K, committed 86400K, reserved 1179648K
  class space    used 9601K, committed 10048K, reserved 1048576K
}
Event: 8.426 GC heap after
{Heap after GC invocations=53 (full 0):
 garbage-first heap   total 403456K, used 120784K [0x0000000703200000, 0x0000000800000000)
  region size 2048K, 7 young (14336K), 7 survivors (14336K)
 Metaspace       used 85326K, committed 86400K, reserved 1179648K
  class space    used 9601K, committed 10048K, reserved 1048576K
}
Event: 8.502 GC heap before
{Heap before GC invocations=53 (full 0):
 garbage-first heap   total 403456K, used 348112K [0x0000000703200000, 0x0000000800000000)
  region size 2048K, 118 young (241664K), 7 survivors (14336K)
 Metaspace       used 85327K, committed 86400K, reserved 1179648K
  class space    used 9601K, committed 10048K, reserved 1048576K
}
Event: 8.507 GC heap after
{Heap after GC invocations=54 (full 0):
 garbage-first heap   total 403456K, used 122607K [0x0000000703200000, 0x0000000800000000)
  region size 2048K, 8 young (16384K), 8 survivors (16384K)
 Metaspace       used 85327K, committed 86400K, reserved 1179648K
  class space    used 9601K, committed 10048K, reserved 1048576K
}
Event: 8.580 GC heap before
{Heap before GC invocations=54 (full 0):
 garbage-first heap   total 403456K, used 347887K [0x0000000703200000, 0x0000000800000000)
  region size 2048K, 118 young (241664K), 8 survivors (16384K)
 Metaspace       used 85329K, committed 86400K, reserved 1179648K
  class space    used 9601K, committed 10048K, reserved 1048576K
}
Event: 8.585 GC heap after
{Heap after GC invocations=55 (full 0):
 garbage-first heap   total 403456K, used 123032K [0x0000000703200000, 0x0000000800000000)
  region size 2048K, 8 young (16384K), 8 survivors (16384K)
 Metaspace       used 85329K, committed 86400K, reserved 1179648K
  class space    used 9601K, committed 10048K, reserved 1048576K
}
Event: 8.624 GC heap before
{Heap before GC invocations=55 (full 0):
 garbage-first heap   total 403456K, used 348312K [0x0000000703200000, 0x0000000800000000)
  region size 2048K, 118 young (241664K), 8 survivors (16384K)
 Metaspace       used 85329K, committed 86400K, reserved 1179648K
  class space    used 9601K, committed 10048K, reserved 1048576K
}
Event: 8.630 GC heap after
{Heap after GC invocations=56 (full 0):
 garbage-first heap   total 794624K, used 123483K [0x0000000703200000, 0x0000000800000000)
  region size 2048K, 8 young (16384K), 8 survivors (16384K)
 Metaspace       used 85329K, committed 86400K, reserved 1179648K
  class space    used 9601K, committed 10048K, reserved 1048576K
}
Event: 8.777 GC heap before
{Heap before GC invocations=56 (full 0):
 garbage-first heap   total 794624K, used 582235K [0x0000000703200000, 0x0000000800000000)
  region size 2048K, 232 young (475136K), 8 survivors (16384K)
 Metaspace       used 85329K, committed 86400K, reserved 1179648K
  class space    used 9601K, committed 10048K, reserved 1048576K
}
Event: 8.784 GC heap after
{Heap after GC invocations=57 (full 0):
 garbage-first heap   total 794624K, used 126257K [0x0000000703200000, 0x0000000800000000)
  region size 2048K, 9 young (18432K), 9 survivors (18432K)
 Metaspace       used 85329K, committed 86400K, reserved 1179648K
  class space    used 9601K, committed 10048K, reserved 1048576K
}
Event: 8.917 GC heap before
{Heap before GC invocations=57 (full 0):
 garbage-first heap   total 794624K, used 582961K [0x0000000703200000, 0x0000000800000000)
  region size 2048K, 232 young (475136K), 9 survivors (18432K)
 Metaspace       used 85332K, committed 86400K, reserved 1179648K
  class space    used 9601K, committed 10048K, reserved 1048576K
}
Event: 8.924 GC heap after
{Heap after GC invocations=58 (full 0):
 garbage-first heap   total 794624K, used 128312K [0x0000000703200000, 0x0000000800000000)
  region size 2048K, 9 young (18432K), 9 survivors (18432K)
 Metaspace       used 85332K, committed 86400K, reserved 1179648K
  class space    used 9601K, committed 10048K, reserved 1048576K
}
Event: 9.037 GC heap before
{Heap before GC invocations=58 (full 0):
 garbage-first heap   total 794624K, used 585016K [0x0000000703200000, 0x0000000800000000)
  region size 2048K, 232 young (475136K), 9 survivors (18432K)
 Metaspace       used 85332K, committed 86400K, reserved 1179648K
  class space    used 9601K, committed 10048K, reserved 1048576K
}
Event: 9.042 GC heap after
{Heap after GC invocations=59 (full 0):
 garbage-first heap   total 794624K, used 129129K [0x0000000703200000, 0x0000000800000000)
  region size 2048K, 9 young (18432K), 9 survivors (18432K)
 Metaspace       used 85332K, committed 86400K, reserved 1179648K
  class space    used 9601K, committed 10048K, reserved 1048576K
}
Event: 9.506 GC heap before
{Heap before GC invocations=59 (full 0):
 garbage-first heap   total 794624K, used 585833K [0x0000000703200000, 0x0000000800000000)
  region size 2048K, 232 young (475136K), 9 survivors (18432K)
 Metaspace       used 86146K, committed 87168K, reserved 1179648K
  class space    used 9649K, committed 10112K, reserved 1048576K
}

Dll operation events (19 events):
Event: 0.009 Loaded shared library C:\Program Files\STMicroelectronics\STM32Cube\STM32CubeMX\jre\bin\java.dll
Event: 0.045 Loaded shared library C:\Program Files\STMicroelectronics\STM32Cube\STM32CubeMX\jre\bin\jsvml.dll
Event: 0.088 Loaded shared library C:\Program Files\STMicroelectronics\STM32Cube\STM32CubeMX\jre\bin\net.dll
Event: 0.090 Loaded shared library C:\Program Files\STMicroelectronics\STM32Cube\STM32CubeMX\jre\bin\nio.dll
Event: 0.118 Loaded shared library C:\Program Files\STMicroelectronics\STM32Cube\STM32CubeMX\jre\bin\zip.dll
Event: 0.148 Loaded shared library C:\Program Files\STMicroelectronics\STM32Cube\STM32CubeMX\jre\bin\jimage.dll
Event: 0.282 Loaded shared library C:\Program Files\STMicroelectronics\STM32Cube\STM32CubeMX\jre\bin\management.dll
Event: 0.287 Loaded shared library C:\Program Files\STMicroelectronics\STM32Cube\STM32CubeMX\jre\bin\management_ext.dll
Event: 0.718 Loaded shared library C:\Program Files\STMicroelectronics\STM32Cube\STM32CubeMX\jre\bin\awt.dll
Event: 0.909 Loaded shared library C:\Program Files\STMicroelectronics\STM32Cube\STM32CubeMX\jre\bin\freetype.dll
Event: 0.910 Loaded shared library C:\Program Files\STMicroelectronics\STM32Cube\STM32CubeMX\jre\bin\fontmanager.dll
Event: 1.007 Loaded shared library C:\Program Files\STMicroelectronics\STM32Cube\STM32CubeMX\jre\bin\verify.dll
Event: 1.095 Loaded shared library C:\Program Files\STMicroelectronics\STM32Cube\STM32CubeMX\jre\bin\prefs.dll
Event: 1.186 Loaded shared library C:\Users\William\AppData\Local\Temp\jna--1282435805\jna16819804759434503807.dll
Event: 3.143 Loaded shared library C:\Program Files\STMicroelectronics\STM32Cube\STM32CubeMX\jre\bin\sunmscapi.dll
Event: 3.403 Loaded shared library C:\Program Files\STMicroelectronics\STM32Cube\STM32CubeMX\jre\bin\extnet.dll
Event: 3.629 Loaded shared library C:\Program Files\STMicroelectronics\STM32Cube\STM32CubeMX\jre\bin\javajpeg.dll
Event: 4.406 Loaded shared library C:\Users\William\.stm32cubemx\.jxbrowser-8.15.0\Chromium\toolkit64.dll
Event: 4.712 Loaded shared library C:\Users\William\.stm32cubemx\.jxbrowser-8.15.0\Chromium\ipc64.dll

Deoptimization events (20 events):
Event: 9.349 Thread 0x0000019006ec0e40 DEOPT PACKING pc=0x000001906f805d64 sp=0x0000004219efe750
Event: 9.349 Thread 0x0000019006ec0e40 DEOPT UNPACKING pc=0x000001906ed67ba2 sp=0x0000004219efe6f0 mode 2
Event: 9.349 Thread 0x0000019006ec0e40 Uncommon trap: trap_request=0xffffffc6 fr.pc=0x000001906f805d64 relative=0x0000000000000884
Event: 9.349 Thread 0x0000019006ec0e40 Uncommon trap: reason=bimorphic_or_optimized_type_check action=maybe_recompile pc=0x000001906f805d64 method=java.util.regex.Pattern$StartS.match(Ljava/util/regex/Matcher;ILjava/lang/CharSequence;)Z @ 44 c2
Event: 9.349 Thread 0x0000019006ec0e40 DEOPT PACKING pc=0x000001906f805d64 sp=0x0000004219efe750
Event: 9.349 Thread 0x0000019006ec0e40 DEOPT UNPACKING pc=0x000001906ed67ba2 sp=0x0000004219efe6f0 mode 2
Event: 9.349 Thread 0x0000019006ec0e40 Uncommon trap: trap_request=0xffffffc6 fr.pc=0x000001906f805d64 relative=0x0000000000000884
Event: 9.349 Thread 0x0000019006ec0e40 Uncommon trap: reason=bimorphic_or_optimized_type_check action=maybe_recompile pc=0x000001906f805d64 method=java.util.regex.Pattern$StartS.match(Ljava/util/regex/Matcher;ILjava/lang/CharSequence;)Z @ 44 c2
Event: 9.349 Thread 0x0000019006ec0e40 DEOPT PACKING pc=0x000001906f805d64 sp=0x0000004219efe750
Event: 9.349 Thread 0x0000019006ec0e40 DEOPT UNPACKING pc=0x000001906ed67ba2 sp=0x0000004219efe6f0 mode 2
Event: 9.392 Thread 0x0000019006ec0e40 Uncommon trap: trap_request=0xffffff45 fr.pc=0x000001906f815414 relative=0x0000000000001134
Event: 9.392 Thread 0x0000019006ec0e40 Uncommon trap: reason=unstable_if action=reinterpret pc=0x000001906f815414 method=java.util.regex.Pattern.escape(ZZZ)I @ 807 c2
Event: 9.392 Thread 0x0000019006ec0e40 DEOPT PACKING pc=0x000001906f815414 sp=0x0000004219efe320
Event: 9.392 Thread 0x0000019006ec0e40 DEOPT UNPACKING pc=0x000001906ed67ba2 sp=0x0000004219efe2b8 mode 2
Event: 9.436 Thread 0x0000019006ec0e40 Uncommon trap: trap_request=0xffffff45 fr.pc=0x000001906f61c7f0 relative=0x0000000000003450
Event: 9.436 Thread 0x0000019006ec0e40 Uncommon trap: reason=unstable_if action=reinterpret pc=0x000001906f61c7f0 method=java.lang.String.split(CIZ)[Ljava/lang/String; @ 207 c2
Event: 9.436 Thread 0x0000019006ec0e40 DEOPT PACKING pc=0x000001906f61c7f0 sp=0x0000004219efe7e0
Event: 9.436 Thread 0x0000019006ec0e40 DEOPT UNPACKING pc=0x000001906ed67ba2 sp=0x0000004219efe7c0 mode 2
Event: 9.465 Thread 0x0000019006ec0e40 DEOPT PACKING pc=0x0000019067d15961 sp=0x0000004219efe0b0
Event: 9.465 Thread 0x0000019006ec0e40 DEOPT UNPACKING pc=0x000001906ed686e2 sp=0x0000004219efd6e8 mode 0

Classes loaded (20 events):
Event: 6.873 Loading class java/text/AttributedString$AttributedStringIterator
Event: 6.874 Loading class java/text/AttributedCharacterIterator
Event: 6.874 Loading class java/text/AttributedCharacterIterator done
Event: 6.874 Loading class java/text/AttributedString$AttributedStringIterator done
Event: 6.876 Loading class java/awt/TextComponent
Event: 6.876 Loading class java/awt/TextComponent done
Event: 6.945 Loading class java/awt/EventQueue$1AWTInvocationLock
Event: 6.945 Loading class java/awt/EventQueue$1AWTInvocationLock done
Event: 6.947 Loading class java/awt/Window$1DisposeAction
Event: 6.947 Loading class java/awt/Window$1DisposeAction done
Event: 6.948 Loading class java/awt/LightweightDispatcher$2
Event: 6.948 Loading class java/awt/LightweightDispatcher$2 done
Event: 6.949 Loading class javax/swing/Autoscroller
Event: 6.949 Loading class javax/swing/Autoscroller done
Event: 9.244 Loading class java/util/regex/Pattern$Bound
Event: 9.244 Loading class java/util/regex/Pattern$Bound done
Event: 9.244 Loading class java/util/regex/Pattern$Neg
Event: 9.244 Loading class java/util/regex/Pattern$Neg done
Event: 9.310 Loading class jdk/internal/math/FloatingDecimal$HexFloatPattern
Event: 9.310 Loading class jdk/internal/math/FloatingDecimal$HexFloatPattern done

Classes unloaded (0 events):
No events

Classes redefined (0 events):
No events

Internal exceptions (20 events):
Event: 8.025 Thread 0x0000019006ec0e40 Exception <a 'java/lang/NullPointerException'{0x00000007130517a8}> (0x00000007130517a8) 
thrown [s\src\hotspot\share\runtime\sharedRuntime.cpp, line 625]
Event: 8.026 Thread 0x0000019006ec0e40 Implicit null exception at 0x000001906833491b to 0x00000190683353ab
Event: 8.026 Thread 0x0000019006ec0e40 Exception <a 'java/lang/NullPointerException'{0x00000007130536e0}> (0x00000007130536e0) 
thrown [s\src\hotspot\share\runtime\sharedRuntime.cpp, line 625]
Event: 8.026 Thread 0x0000019006ec0e40 Implicit null exception at 0x000001906833491b to 0x00000190683353ab
Event: 8.026 Thread 0x0000019006ec0e40 Exception <a 'java/lang/NullPointerException'{0x0000000713053da8}> (0x0000000713053da8) 
thrown [s\src\hotspot\share\runtime\sharedRuntime.cpp, line 625]
Event: 8.026 Thread 0x0000019006ec0e40 Implicit null exception at 0x000001906833491b to 0x00000190683353ab
Event: 8.026 Thread 0x0000019006ec0e40 Exception <a 'java/lang/NullPointerException'{0x0000000713054e00}> (0x0000000713054e00) 
thrown [s\src\hotspot\share\runtime\sharedRuntime.cpp, line 625]
Event: 8.027 Thread 0x0000019006ec0e40 Implicit null exception at 0x000001906833491b to 0x00000190683353ab
Event: 8.027 Thread 0x0000019006ec0e40 Exception <a 'java/lang/NullPointerException'{0x00000007130554c8}> (0x00000007130554c8) 
thrown [s\src\hotspot\share\runtime\sharedRuntime.cpp, line 625]
Event: 8.027 Thread 0x0000019006ec0e40 Implicit null exception at 0x000001906833491b to 0x00000190683353ab
Event: 8.027 Thread 0x0000019006ec0e40 Exception <a 'java/lang/NullPointerException'{0x0000000713056ca0}> (0x0000000713056ca0) 
thrown [s\src\hotspot\share\runtime\sharedRuntime.cpp, line 625]
Event: 8.028 Thread 0x0000019006ec0e40 Implicit null exception at 0x000001906833491b to 0x00000190683353ab
Event: 8.028 Thread 0x0000019006ec0e40 Exception <a 'java/lang/NullPointerException'{0x0000000713057368}> (0x0000000713057368) 
thrown [s\src\hotspot\share\runtime\sharedRuntime.cpp, line 625]
Event: 8.028 Thread 0x0000019006ec0e40 Implicit null exception at 0x000001906833491b to 0x00000190683353ab
Event: 8.028 Thread 0x0000019006ec0e40 Exception <a 'java/lang/NullPointerException'{0x00000007130583c0}> (0x00000007130583c0) 
thrown [s\src\hotspot\share\runtime\sharedRuntime.cpp, line 625]
Event: 8.028 Thread 0x0000019006ec0e40 Implicit null exception at 0x000001906833491b to 0x00000190683353ab
Event: 8.028 Thread 0x0000019006ec0e40 Exception <a 'java/lang/NullPointerException'{0x0000000713058a88}> (0x0000000713058a88) 
thrown [s\src\hotspot\share\runtime\sharedRuntime.cpp, line 625]
Event: 9.198 Thread 0x0000019006ec0e40 Exception <a 'java/io/IOException'{0x0000000721ea9638}> (0x0000000721ea9638) 
thrown [s\src\hotspot\share\prims\jni.cpp, line 520]
Event: 9.198 Thread 0x0000019006ec0e40 Exception <a 'java/io/IOException'{0x0000000721ea9c00}> (0x0000000721ea9c00) 
thrown [s\src\hotspot\share\prims\jni.cpp, line 520]
Event: 9.249 Thread 0x0000019006ec0e40 Implicit null exception at 0x000001906f76eead to 0x000001906f7747ec

ZGC Phase Switch (0 events):
No events

VM Operations (20 events):
Event: 8.347 Executing VM operation: G1CollectForAllocation (G1 Evacuation Pause) done
Event: 8.421 Executing VM operation: G1CollectForAllocation (G1 Evacuation Pause)
Event: 8.426 Executing VM operation: G1CollectForAllocation (G1 Evacuation Pause) done
Event: 8.502 Executing VM operation: G1CollectForAllocation (G1 Evacuation Pause)
Event: 8.507 Executing VM operation: G1CollectForAllocation (G1 Evacuation Pause) done
Event: 8.580 Executing VM operation: G1CollectForAllocation (G1 Evacuation Pause)
Event: 8.585 Executing VM operation: G1CollectForAllocation (G1 Evacuation Pause) done
Event: 8.624 Executing VM operation: G1CollectForAllocation (G1 Evacuation Pause)
Event: 8.630 Executing VM operation: G1CollectForAllocation (G1 Evacuation Pause) done
Event: 8.777 Executing VM operation: G1CollectForAllocation (G1 Evacuation Pause)
Event: 8.784 Executing VM operation: G1CollectForAllocation (G1 Evacuation Pause) done
Event: 8.917 Executing VM operation: G1CollectForAllocation (G1 Evacuation Pause)
Event: 8.924 Executing VM operation: G1CollectForAllocation (G1 Evacuation Pause) done
Event: 9.037 Executing VM operation: G1CollectForAllocation (G1 Evacuation Pause)
Event: 9.042 Executing VM operation: G1CollectForAllocation (G1 Evacuation Pause) done
Event: 9.211 Executing VM operation: HandshakeAllThreads (Deoptimize)
Event: 9.211 Executing VM operation: HandshakeAllThreads (Deoptimize) done
Event: 9.215 Executing VM operation: HandshakeAllThreads (Deoptimize)
Event: 9.215 Executing VM operation: HandshakeAllThreads (Deoptimize) done
Event: 9.506 Executing VM operation: G1CollectForAllocation (G1 Evacuation Pause)

Memory protections (0 events):
No events

Nmethod flushes (20 events):
Event: 8.308 Thread 0x000001907de28d60 flushing  nmethod 0x00000190680cf310
Event: 8.308 Thread 0x000001907de28d60 flushing  nmethod 0x0000019067c05d10
Event: 8.308 Thread 0x000001907de28d60 flushing  nmethod 0x0000019067c0b090
Event: 8.308 Thread 0x000001907de28d60 flushing  nmethod 0x0000019067d8c210
Event: 8.308 Thread 0x000001907de28d60 flushing  nmethod 0x0000019067d9a190
Event: 8.308 Thread 0x000001907de28d60 flushing  nmethod 0x00000190682f0190
Event: 8.308 Thread 0x000001907de28d60 flushing  nmethod 0x00000190682f0710
Event: 8.308 Thread 0x000001907de28d60 flushing  nmethod 0x000001906855ed10
Event: 8.308 Thread 0x000001907de28d60 flushing  nmethod 0x000001906f6a7510
Event: 8.308 Thread 0x000001907de28d60 flushing  nmethod 0x000001906f6a7a90
Event: 8.308 Thread 0x000001907de28d60 flushing  nmethod 0x0000019067836010
Event: 8.308 Thread 0x000001907de28d60 flushing  nmethod 0x000001906856db90
Event: 8.308 Thread 0x000001907de28d60 flushing  nmethod 0x0000019068570c90
Event: 8.308 Thread 0x000001907de28d60 flushing  nmethod 0x0000019068572610
Event: 8.308 Thread 0x000001907de28d60 flushing  nmethod 0x000001906857a510
Event: 8.308 Thread 0x000001907de28d60 flushing  nmethod 0x00000190679c4390
Event: 8.308 Thread 0x000001907de28d60 flushing  nmethod 0x0000019067a15910
Event: 8.308 Thread 0x000001907de28d60 flushing  nmethod 0x0000019067c96090
Event: 8.308 Thread 0x000001907de28d60 flushing  nmethod 0x00000190680e9690
Event: 8.308 Thread 0x000001907de28d60 flushing  nmethod 0x00000190685c6f10

Events (20 events):
Event: 9.164 Thread 0x0000019006ec0e40 Thread added: 0x000001900470a880
Event: 9.164 Thread 0x000001900470a880 Thread exited: 0x000001900470a880
Event: 9.164 Thread 0x0000019006ec0e40 Thread added: 0x000001900470a880
Event: 9.164 Thread 0x000001900470a880 Thread exited: 0x000001900470a880
Event: 9.164 Thread 0x0000019006ec0e40 Thread added: 0x000001900470b5a0
Event: 9.165 Thread 0x000001900470b5a0 Thread exited: 0x000001900470b5a0
Event: 9.165 Thread 0x0000019006ec0e40 Thread added: 0x000001900470af10
Event: 9.165 Thread 0x000001900470af10 Thread exited: 0x000001900470af10
Event: 9.165 Thread 0x0000019006ec0e40 Thread added: 0x0000019006ec21f0
Event: 9.165 Thread 0x0000019006ec21f0 Thread exited: 0x0000019006ec21f0
Event: 9.165 Thread 0x0000019006ec0e40 Thread added: 0x0000019006ec14d0
Event: 9.165 Thread 0x0000019006ec14d0 Thread exited: 0x0000019006ec14d0
Event: 9.168 Thread 0x0000019006ec0e40 Thread added: 0x000001900470bc30
Event: 9.168 Thread 0x000001900470bc30 Thread exited: 0x000001900470bc30
Event: 9.168 Thread 0x0000019006ec0e40 Thread added: 0x000001900470a880
Event: 9.168 Thread 0x000001900470a880 Thread exited: 0x000001900470a880
Event: 9.176 Thread 0x0000019006ec0e40 Thread added: 0x000001900470b5a0
Event: 9.176 Thread 0x000001900470b5a0 Thread exited: 0x000001900470b5a0
Event: 9.176 Thread 0x0000019006ec0e40 Thread added: 0x000001900470af10
Event: 9.176 Thread 0x000001900470af10 Thread exited: 0x000001900470af10


Dynamic libraries:
0x00007ff731240000 - 0x00007ff73124e000 	C:\Program Files\STMicroelectronics\STM32Cube\STM32CubeMX\jre\bin\javaw.exe
0x00007ffc80ba0000 - 0x00007ffc80e07000 	C:\WINDOWS\SYSTEM32\ntdll.dll
0x00007ffc801a0000 - 0x00007ffc80269000 	C:\WINDOWS\System32\KERNEL32.DLL
0x00007ffc7d7e0000 - 0x00007ffc7dbd7000 	C:\WINDOWS\System32\KERNELBASE.dll
0x00007ffc7a9c0000 - 0x00007ffc7aa60000 	C:\WINDOWS\SYSTEM32\apphelp.dll
0x00007ffc7dbe0000 - 0x00007ffc7dd2b000 	C:\WINDOWS\System32\ucrtbase.dll
0x00007ffbcb010000 - 0x00007ffbcb02e000 	C:\Program Files\STMicroelectronics\STM32Cube\STM32CubeMX\jre\bin\VCRUNTIME140.dll
0x00007ffc6a0b0000 - 0x00007ffc6a0c8000 	C:\Program Files\STMicroelectronics\STM32Cube\STM32CubeMX\jre\bin\jli.dll
0x00007ffc80860000 - 0x00007ffc80a26000 	C:\WINDOWS\System32\USER32.dll
0x00007ffc7d7b0000 - 0x00007ffc7d7d7000 	C:\WINDOWS\System32\win32u.dll
0x00007ffc61b20000 - 0x00007ffc61db2000 	C:\WINDOWS\WinSxS\amd64_microsoft.windows.common-controls_6595b64144ccf1df_6.0.26100.8457_none_3e0b2faee331e92d\COMCTL32.dll
0x00007ffc80b30000 - 0x00007ffc80b5b000 	C:\WINDOWS\System32\GDI32.dll
0x00007ffc804b0000 - 0x00007ffc80559000 	C:\WINDOWS\System32\msvcrt.dll
0x00007ffc7d5d0000 - 0x00007ffc7d6fc000 	C:\WINDOWS\System32\gdi32full.dll
0x00007ffc7dd30000 - 0x00007ffc7ddd3000 	C:\WINDOWS\System32\msvcp_win.dll
0x00007ffc80a30000 - 0x00007ffc80a62000 	C:\WINDOWS\System32\IMM32.DLL
0x00007ffc6f2d0000 - 0x00007ffc6f2dc000 	C:\Program Files\STMicroelectronics\STM32Cube\STM32CubeMX\jre\bin\vcruntime140_1.dll
0x00007ffbc6810000 - 0x00007ffbc689d000 	C:\Program Files\STMicroelectronics\STM32Cube\STM32CubeMX\jre\bin\msvcp140.dll
0x00007ffba0930000 - 0x00007ffba16d0000 	C:\Program Files\STMicroelectronics\STM32Cube\STM32CubeMX\jre\bin\server\jvm.dll
0x00007ffc80a70000 - 0x00007ffc80b26000 	C:\WINDOWS\System32\ADVAPI32.dll
0x00007ffc7fed0000 - 0x00007ffc7ff77000 	C:\WINDOWS\System32\sechost.dll
0x00007ffc7ff80000 - 0x00007ffc80098000 	C:\WINDOWS\System32\RPCRT4.dll
0x00007ffc7fe40000 - 0x00007ffc7fec0000 	C:\WINDOWS\System32\WS2_32.dll
0x00007ffc7d430000 - 0x00007ffc7d48e000 	C:\WINDOWS\SYSTEM32\POWRPROF.dll
0x00007ffc74890000 - 0x00007ffc7489b000 	C:\WINDOWS\SYSTEM32\VERSION.dll
0x00007ffc74bc0000 - 0x00007ffc74bf6000 	C:\WINDOWS\SYSTEM32\WINMM.dll
0x00007ffc7d410000 - 0x00007ffc7d424000 	C:\WINDOWS\SYSTEM32\UMPDC.dll
0x00007ffc7c360000 - 0x00007ffc7c37b000 	C:\WINDOWS\SYSTEM32\kernel.appcore.dll
0x00007ffc3a0f0000 - 0x00007ffc3a0fa000 	C:\Program Files\STMicroelectronics\STM32Cube\STM32CubeMX\jre\bin\jimage.dll
0x00007ffc7b480000 - 0x00007ffc7b6c2000 	C:\WINDOWS\SYSTEM32\DBGHELP.DLL
0x00007ffc7fab0000 - 0x00007ffc7fe33000 	C:\WINDOWS\System32\combase.dll
0x00007ffc7e960000 - 0x00007ffc7ea39000 	C:\WINDOWS\System32\OLEAUT32.dll
0x00007ffc5e010000 - 0x00007ffc5e04b000 	C:\WINDOWS\SYSTEM32\dbgcore.DLL
0x00007ffc7d700000 - 0x00007ffc7d7a8000 	C:\WINDOWS\System32\bcryptPrimitives.dll
0x00007ffbc7a60000 - 0x00007ffbc7a80000 	C:\Program Files\STMicroelectronics\STM32Cube\STM32CubeMX\jre\bin\java.dll
0x00007ffc7eac0000 - 0x00007ffc7f22e000 	C:\WINDOWS\System32\SHELL32.dll
0x00007ffc7e020000 - 0x00007ffc7e88c000 	C:\WINDOWS\System32\windows.storage.dll
0x00007ffc80570000 - 0x00007ffc80666000 	C:\WINDOWS\System32\SHCORE.dll
0x00007ffc80270000 - 0x00007ffc802d6000 	C:\WINDOWS\System32\shlwapi.dll
0x00007ffc7d4f0000 - 0x00007ffc7d519000 	C:\WINDOWS\SYSTEM32\profapi.dll
0x00007ffbc3ab0000 - 0x00007ffbc3b87000 	C:\Program Files\STMicroelectronics\STM32Cube\STM32CubeMX\jre\bin\jsvml.dll
0x00007ffc39fb0000 - 0x00007ffc39fc0000 	C:\Program Files\STMicroelectronics\STM32Cube\STM32CubeMX\jre\bin\net.dll
0x00007ffc6f740000 - 0x00007ffc6f869000 	C:\WINDOWS\SYSTEM32\WINHTTP.dll
0x00007ffc7c8d0000 - 0x00007ffc7c93c000 	C:\WINDOWS\system32\mswsock.dll
0x00007ffbc7a40000 - 0x00007ffbc7a56000 	C:\Program Files\STMicroelectronics\STM32Cube\STM32CubeMX\jre\bin\nio.dll
0x00007ffbc7a20000 - 0x00007ffbc7a38000 	C:\Program Files\STMicroelectronics\STM32Cube\STM32CubeMX\jre\bin\zip.dll
0x00007ffc397c0000 - 0x00007ffc397ca000 	C:\Program Files\STMicroelectronics\STM32Cube\STM32CubeMX\jre\bin\management.dll
0x00007ffc38230000 - 0x00007ffc3823c000 	C:\Program Files\STMicroelectronics\STM32Cube\STM32CubeMX\jre\bin\management_ext.dll
0x00007ffc80670000 - 0x00007ffc80678000 	C:\WINDOWS\System32\PSAPI.DLL
0x00007ffc48880000 - 0x00007ffc48898000 	C:\WINDOWS\system32\napinsp.dll
0x00007ffc7be60000 - 0x00007ffc7bf92000 	C:\WINDOWS\SYSTEM32\DNSAPI.dll
0x00007ffc7bdc0000 - 0x00007ffc7bdf2000 	C:\WINDOWS\SYSTEM32\IPHLPAPI.DLL
0x00007ffc80560000 - 0x00007ffc8056a000 	C:\WINDOWS\System32\NSI.dll
0x00007ffc48860000 - 0x00007ffc48873000 	C:\WINDOWS\System32\winrnr.dll
0x00007ffc48830000 - 0x00007ffc48852000 	C:\WINDOWS\system32\nlansp_c.dll
0x00007ffc48810000 - 0x00007ffc48826000 	C:\WINDOWS\system32\wshbth.dll
0x0000000064a20000 - 0x0000000064a2b000 	C:\Program Files\National Instruments\Shared\mDNS Responder\nimdnsNSP.dll
0x0000000064a00000 - 0x0000000064a11000 	C:\WINDOWS\SYSTEM32\nimdnsResponder.dll
0x00007ffc6fc20000 - 0x00007ffc6fc2b000 	C:\Windows\System32\rasadhlp.dll
0x00007ffc76ff0000 - 0x00007ffc77076000 	C:\WINDOWS\System32\fwpuclnt.dll
0x00007ffbc34a0000 - 0x00007ffbc362f000 	C:\Program Files\STMicroelectronics\STM32Cube\STM32CubeMX\jre\bin\awt.dll
0x00007ffc7cbb0000 - 0x00007ffc7cbcb000 	C:\WINDOWS\SYSTEM32\CRYPTSP.dll
0x00007ffc7c2c0000 - 0x00007ffc7c2f9000 	C:\WINDOWS\system32\rsaenh.dll
0x00007ffc7c980000 - 0x00007ffc7c9b3000 	C:\WINDOWS\SYSTEM32\USERENV.dll
0x00007ffc7d4c0000 - 0x00007ffc7d4ea000 	C:\WINDOWS\SYSTEM32\bcrypt.dll
0x00007ffc7cbd0000 - 0x00007ffc7cbdc000 	C:\WINDOWS\SYSTEM32\CRYPTBASE.dll
0x00007ffc7ac00000 - 0x00007ffc7acaa000 	C:\WINDOWS\system32\uxtheme.dll
0x00007ffc7f950000 - 0x00007ffc7faac000 	C:\WINDOWS\System32\MSCTF.dll
0x00007ffc7f7a0000 - 0x00007ffc7f937000 	C:\WINDOWS\System32\ole32.dll
0x00007ffc7aec0000 - 0x00007ffc7aeef000 	C:\WINDOWS\system32\DWMAPI.DLL
0x00007ffc42920000 - 0x00007ffc42a2f000 	C:\WINDOWS\system32\opengl32.dll
0x00007ffc428b0000 - 0x00007ffc428dd000 	C:\WINDOWS\SYSTEM32\GLU32.dll
0x00007ffc7ae50000 - 0x00007ffc7ae95000 	C:\WINDOWS\SYSTEM32\dxcore.dll
0x00007ffbc2b30000 - 0x00007ffbc2bb7000 	C:\Program Files\STMicroelectronics\STM32Cube\STM32CubeMX\jre\bin\freetype.dll
0x00007ffbc2a30000 - 0x00007ffbc2b22000 	C:\Program Files\STMicroelectronics\STM32Cube\STM32CubeMX\jre\bin\fontmanager.dll
0x00007ffc250c0000 - 0x00007ffc250d0000 	C:\Program Files\STMicroelectronics\STM32Cube\STM32CubeMX\jre\bin\verify.dll
0x00007ffc24f90000 - 0x00007ffc24f99000 	C:\Program Files\STMicroelectronics\STM32Cube\STM32CubeMX\jre\bin\prefs.dll
0x00007ffb8dd30000 - 0x00007ffb8dd71000 	C:\Users\William\AppData\Local\Temp\jna--1282435805\jna16819804759434503807.dll
0x00007ffbfd950000 - 0x00007ffbfd95e000 	C:\Program Files\STMicroelectronics\STM32Cube\STM32CubeMX\jre\bin\sunmscapi.dll
0x00007ffc7dea0000 - 0x00007ffc7e018000 	C:\WINDOWS\System32\CRYPT32.dll
0x00007ffc7cdd0000 - 0x00007ffc7ce00000 	C:\WINDOWS\SYSTEM32\ncrypt.dll
0x00007ffc7cd80000 - 0x00007ffc7cdbf000 	C:\WINDOWS\SYSTEM32\NTASN1.dll
0x00007ffc7cce0000 - 0x00007ffc7ccf3000 	C:\WINDOWS\SYSTEM32\MSASN1.dll
0x00007ffc7c940000 - 0x00007ffc7c96f000 	C:\WINDOWS\SYSTEM32\gpapi.dll
0x00007ffbf8340000 - 0x00007ffbf8349000 	C:\Program Files\STMicroelectronics\STM32Cube\STM32CubeMX\jre\bin\extnet.dll
0x00007ffb94850000 - 0x00007ffb9487f000 	C:\Program Files\STMicroelectronics\STM32Cube\STM32CubeMX\jre\bin\javajpeg.dll
0x00007ffc80370000 - 0x00007ffc8041e000 	C:\WINDOWS\System32\clbcatq.dll
0x00007ffc78d80000 - 0x00007ffc78fad000 	C:\WINDOWS\SYSTEM32\WindowsCodecs.dll
0x00007ffc2c6f0000 - 0x00007ffc2c74a000 	C:\WINDOWS\system32\dataexchange.dll
0x00007ffc6d3a0000 - 0x00007ffc6d5ee000 	C:\WINDOWS\system32\twinapi.appcore.dll
0x00007ffc34690000 - 0x00007ffc347d6000 	C:\WINDOWS\SYSTEM32\textinputframework.dll
0x00007ffb93350000 - 0x00007ffb93476000 	C:\Users\William\.stm32cubemx\.jxbrowser-8.15.0\Chromium\toolkit64.dll
0x00007ffb920b0000 - 0x00007ffb921ce000 	C:\Users\William\.stm32cubemx\.jxbrowser-8.15.0\Chromium\ipc64.dll
0x00007ffc7a6f0000 - 0x00007ffc7a817000 	C:\WINDOWS\SYSTEM32\CoreMessaging.dll
0x00007ffc77a30000 - 0x00007ffc77d12000 	C:\WINDOWS\SYSTEM32\CoreUIComponents.dll
0x00007ffc77800000 - 0x00007ffc7796a000 	C:\WINDOWS\SYSTEM32\wintypes.dll

JVMTI agents: none

dbghelp: loaded successfully - version: 4.0.5 - missing functions: none
symbol engine: initialized successfully - sym options: 0x614 - pdb path: .;C:\Program Files\STMicroelectronics\STM32Cube\STM32CubeMX\jre\bin;C:\WINDOWS\SYSTEM32;C:\WINDOWS\WinSxS\amd64_microsoft.windows.common-controls_6595b64144ccf1df_6.0.26100.8457_none_3e0b2faee331e92d;C:\Program Files\STMicroelectronics\STM32Cube\STM32CubeMX\jre\bin\server;C:\Program Files\National Instruments\Shared\mDNS Responder;C:\Users\William\AppData\Local\Temp\jna--1282435805;C:\Users\William\.stm32cubemx\.jxbrowser-8.15.0\Chromium

VM Arguments:
jvm_args: -Djavax.net.ssl.trustStoreType=WINDOWS-ROOT -Dsun.java2d.d3d=false --add-exports=java.desktop/sun.awt=ALL-UNNAMED --add-opens=java.desktop/java.awt=ALL-UNNAMED -Dfile.encoding=UTF8 
java_command: com.st.microxplorer.maingui.STM32CubeMX C:\Users\William\Downloads\VCUSTM32\VCUCube\VCUCube.ioc
java_class_path (initial): C:\Program Files\STMicroelectronics\STM32Cube\STM32CubeMX\STM32CubeMX.exe;anything
Launcher Type: SUN_STANDARD

[Global flags]
     intx CICompilerCount                          = 4                                         {product} {ergonomic}
     uint ConcGCThreads                            = 2                                         {product} {ergonomic}
     uint G1ConcRefinementThreads                  = 8                                         {product} {ergonomic}
   size_t G1HeapRegionSize                         = 2097152                                   {product} {ergonomic}
    uintx GCDrainStackTargetSize                   = 64                                        {product} {ergonomic}
   size_t InitialHeapSize                          = 266338304                                 {product} {ergonomic}
   size_t MarkStackSize                            = 4194304                                   {product} {ergonomic}
   size_t MaxHeapSize                              = 4242538496                                {product} {ergonomic}
   size_t MaxNewSize                               = 2543845376                                {product} {ergonomic}
   size_t MinHeapDeltaBytes                        = 2097152                                   {product} {ergonomic}
   size_t MinHeapSize                              = 8388608                                   {product} {ergonomic}
    uintx NonNMethodCodeHeapSize                   = 5839372                                {pd product} {ergonomic}
    uintx NonProfiledCodeHeapSize                  = 122909434                              {pd product} {ergonomic}
    uintx ProfiledCodeHeapSize                     = 122909434                              {pd product} {ergonomic}
    uintx ReservedCodeCacheSize                    = 251658240                              {pd product} {ergonomic}
     bool SegmentedCodeCache                       = true                                      {product} {ergonomic}
   size_t SoftMaxHeapSize                          = 4242538496                             {manageable} {ergonomic}
     bool UseCompressedOops                        = true                           {product lp64_product} {ergonomic}
     bool UseG1GC                                  = true                                      {product} {ergonomic}
     bool UseLargePagesIndividualAllocation        = false                                  {pd product} {ergonomic}

Logging:
Log output configuration:
 #0: stdout all=warning uptime,level,tags foldmultilines=false
 #1: stderr all=off uptime,level,tags foldmultilines=false

Release file:
JAVA_VERSION="21.0.9" 
MODULES="java.base java.compiler java.datatransfer java.xml java.prefs java.desktop java.instrument java.logging java.management java.security.sasl java.naming java.rmi java.management.rmi java.net.http java.scripting java.security.jgss java.transaction.xa java.sql java.sql.rowset java.xml.crypto java.se java.smartcardio jdk.jfr javafx.base jdk.unsupported javafx.graphics javafx.controls javafx.fxml javafx.media jdk.unsupported.desktop javafx.swing jdk.jsobject jdk.xml.dom javafx.web jdk.accessibility jdk.internal.jvmstat jdk.attach jdk.charsets jdk.internal.opt jdk.zipfs jdk.compiler jdk.crypto.ec jdk.crypto.cryptoki jdk.crypto.mscapi jdk.dynalink jdk.internal.ed jdk.editpad jdk.httpserver jdk.incubator.vector jdk.internal.le jdk.internal.vm.ci jdk.internal.vm.compiler jdk.internal.vm.compiler.management jdk.jartool jdk.javadoc jdk.jdeps jdk.jdwp.agent jdk.jdi jdk.jlink jdk.jpackage jdk.jshell jdk.jstatd jdk.localedata jdk.management jdk.management.agent jdk.management.jfr jdk.naming.dns jdk.naming.rmi jdk.net jdk.nio.mapmode jdk.random jdk.sctp jdk.security.auth jdk.security.jgss" 

Environment Variables:
PATH=C:\Program Files\STMicroelectronics\STM32Cube\STM32CubeMX\;C:\Program Files (x86)\Common Files\Oracle\Java\javapath;C:\WINDOWS\system32;C:\WINDOWS;C:\WINDOWS\System32\Wbem;C:\WINDOWS\System32\WindowsPowerShell\v1.0\;C:\WINDOWS\System32\OpenSSH\;C:\Program Files\MATLAB\R2022b\runtime\win64;C:\Program Files\MATLAB\R2022b\bin;C:\Program Files (x86)\Windows Kits\10\Windows Performance Toolkit\;C:\Program Files\dotnet\;C:\Program Files\MATLAB\R2018b\bin;C:\Program Files\MATLAB\R2024b\bin;C:\Program Files (x86)\Vector CANdb++ 3.1\Exec32;C:\Program Files\Vector SIL Kit 5.0.1\x86\bin;C:\Program Files\Vector SIL Kit 5.0.1\x86_64\bin;C:\Users\William\AppData\Local\Microsoft\WindowsApps;C:\msys64\ucrt64\bin;C:\Users\William\AppData\Local\Programs\Microsoft VS Code\bin;C:\Users\William\AppData\Local\GitHubDesktop\bin;C:\Program Files\Vector Informatik GmbH\VIO System Configuration Tool\;C:\Program Files\STMicroelectronics\STM32Cube\STM32CubeMX\.\jre\\bin
USERNAME=William
OS=Windows_NT
PROCESSOR_IDENTIFIER=Intel64 Family 6 Model 140 Stepping 1, GenuineIntel
TMP=C:\Users\William\AppData\Local\Temp
TEMP=C:\Users\William\AppData\Local\Temp




Periodic native trim disabled

---------------  S Y S T E M  ---------------

OS:
 Windows 11 , 64 bit Build 26100 (10.0.26100.8328)
OS uptime: 0 days 19:30 hours

CPU: total 8 (initial active 8) (4 cores per cpu, 2 threads per core) family 6 model 140 stepping 1 microcode 0x8a, cx8, cmov, fxsr, ht, mmx, 3dnowpref, sse, sse2, sse3, ssse3, sse4.1, sse4.2, popcnt, lzcnt, tsc, tscinvbit, avx, avx2, aes, erms, clmul, bmi1, bmi2, adx, avx512f, avx512dq, avx512cd, avx512bw, avx512vl, sha, fma, vzeroupper, avx512_vpopcntdq, avx512_vpclmulqdq, avx512_vaes, avx512_vnni, clflush, clflushopt, clwb, avx512_vbmi2, avx512_vbmi, rdtscp, rdpid, fsrm, gfni, avx512_bitalg, f16c, pku, cet_ibt, cet_ss, avx512_ifma
Processor Information for the first 8 processors :
  Max Mhz: 2419, Current Mhz: 2419, Mhz Limit: 2419

Memory: 4k page, system-wide physical 16183M (1558M free)
TotalPageFile size 23239M (AvailPageFile size 201M)
current process WorkingSet (physical memory assigned to process): 821M, peak: 823M
current process commit charge ("private bytes"): 1053M, peak: 1359M

vm_info: OpenJDK 64-Bit Server VM (21.0.9+10-LTS) for windows-amd64 JRE (21.0.9+10-LTS), built on 2025-10-21T00:00:00Z by "admin" with unknown MS VC++:1942

END.
